date,co_max,co_aqi_val,no2_max,no2_aqi_val,ozone_max,ozone_aqi_val,pm10_mean,pm10_aqi_val,pm2.5_mean,pm2.5_aqi_val,so2_max,so2_aqi_val,cumulative_aqi,temp_high,temp_low,temp_avg
2017-01-01,0.5,6.0,36.0,34.0,0.026,24.0,21.0,19.0,9.6,40.0,5.0,7.0,40.0,43,27,35.0
2017-01-02,0.5,6.0,33.0,31.0,0.009,8.0,18.0,17.0,14.1,55.0,2.0,3.0,55.0,50,34,42.0
2017-01-03,0.4,5.0,24.0,23.0,0.015,14.0,9.0,8.0,7.7,32.0,0.0,0.0,32.0,50,40,45.0
2017-01-06,0.3,3.0,25.0,24.0,0.024,22.0,17.0,16.0,14.1,55.0,0.0,0.0,55.0,16,5,10.5
2017-01-07,0.3,3.0,26.0,25.0,0.03,28.0,17.0,16.0,13.4,54.0,0.0,0.0,54.0,17,6,11.5
2017-01-08,0.2,2.0,9.0,8.0,0.032,30.0,10.0,9.0,1.5,6.0,1.0,1.0,30.0,19,12,15.5
2017-01-09,0.4,5.0,26.0,25.0,0.023,21.0,39.0,36.0,11.3,47.0,8.0,11.0,47.0,31,15,23.0
2017-01-10,0.4,5.0,27.0,25.0,0.032,30.0,13.0,12.0,5.6,23.0,1.0,1.0,30.0,51,28,39.5
2017-01-11,0.4,5.0,25.0,24.0,0.024,22.0,20.0,19.0,10.2,43.0,5.0,7.0,43.0,59,35,47.0
2017-01-12,0.3,3.0,22.0,21.0,0.028,26.0,11.0,10.0,9.4,39.0,9.0,13.0,39.0,65,33,49.0
2017-01-13,0.3,3.0,14.0,13.0,0.027,25.0,15.0,14.0,6.8,28.0,10.0,14.0,28.0,33,26,29.5
2017-01-14,0.3,3.0,20.0,19.0,0.026,24.0,12.0,11.0,8.3,35.0,1.0,1.0,35.0,34,26,30.0
2017-01-15,0.7,8.0,37.0,35.0,0.015,14.0,21.0,19.0,21.3,70.0,8.0,11.0,70.0,35,20,27.5
2017-01-16,0.7,8.0,34.0,32.0,0.005,5.0,39.0,36.0,29.0,87.0,2.0,3.0,87.0,41,22,31.5
2017-01-17,0.5,6.0,24.0,23.0,0.02,19.0,12.0,11.0,11.0,46.0,1.0,1.0,46.0,61,41,51.0
2017-01-18,0.3,3.0,14.0,13.0,0.02,19.0,5.0,5.0,4.0,17.0,0.0,0.0,19.0,45,38,41.5
2017-01-19,0.3,3.0,23.0,22.0,0.016,15.0,11.0,10.0,8.1,34.0,0.0,0.0,34.0,46,36,41.0
2017-01-20,0.5,6.0,22.0,21.0,0.006,6.0,13.0,12.0,10.6,44.0,1.0,1.0,44.0,55,37,46.0
2017-01-21,0.6,7.0,22.0,21.0,0.021,19.0,19.0,18.0,12.2,51.0,4.0,6.0,51.0,63,42,52.5
2017-01-22,0.4,5.0,21.0,20.0,0.015,14.0,16.0,15.0,9.2,38.0,4.0,6.0,38.0,64,41,52.5
2017-01-23,0.4,5.0,19.0,18.0,0.014,13.0,11.0,10.0,10.5,44.0,0.0,0.0,44.0,44,40,42.0
2017-01-24,0.3,3.0,16.0,15.0,0.02,19.0,7.0,6.0,8.4,35.0,3.0,4.0,35.0,41,36,38.5
2017-01-25,0.3,3.0,24.0,23.0,0.024,22.0,15.0,14.0,7.8,33.0,3.0,4.0,33.0,52,37,44.5
2017-01-26,0.2,2.0,10.0,9.0,0.021,19.0,5.0,5.0,2.8,12.0,0.0,0.0,19.0,42,33,37.5
2017-01-27,0.2,2.0,12.0,11.0,0.026,24.0,7.0,6.0,5.0,21.0,0.0,0.0,24.0,34,29,31.5
2017-01-28,0.2,2.0,7.0,7.0,0.025,23.0,10.0,9.0,8.9,37.0,0.0,0.0,37.0,31,28,29.5
2017-01-29,0.2,2.0,18.0,17.0,0.032,30.0,7.0,6.0,6.0,25.0,0.0,0.0,30.0,32,26,29.0
2017-01-30,0.3,3.0,21.0,20.0,0.033,31.0,9.0,8.0,2.4,10.0,3.0,4.0,31.0,27,23,25.0
2017-02-01,0.3,3.0,32.0,30.0,0.029,27.0,8.0,7.0,5.2,22.0,0.0,0.0,30.0,38,31,34.5
2017-02-02,0.3,3.0,17.0,16.0,0.034,31.0,12.0,11.0,5.0,21.0,0.0,0.0,31.0,33,21,27.0
2017-02-03,0.3,3.0,24.0,23.0,0.039,36.0,22.0,20.0,7.1,30.0,0.0,0.0,36.0,27,18,22.5
2017-02-04,0.2,2.0,17.0,16.0,0.034,31.0,12.0,11.0,3.4,14.0,4.0,6.0,31.0,33,16,24.5
2017-02-05,0.2,2.0,10.0,9.0,0.03,28.0,16.0,15.0,8.6,36.0,1.0,1.0,36.0,44,30,37.0
2017-02-07,0.5,6.0,30.0,28.0,0.027,25.0,15.0,14.0,9.4,39.0,1.0,1.0,39.0,60,47,53.5
2017-02-08,0.3,3.0,12.0,11.0,0.033,31.0,10.0,9.0,2.8,12.0,0.0,0.0,31.0,53,28,40.5
2017-02-09,0.2,2.0,10.0,9.0,0.035,32.0,15.0,14.0,1.9,8.0,0.0,0.0,32.0,28,19,23.5
2017-02-10,0.6,7.0,22.0,21.0,0.024,22.0,35.0,32.0,10.0,42.0,11.0,16.0,42.0,37,16,26.5
2017-02-11,0.6,7.0,33.0,31.0,0.021,19.0,22.0,20.0,10.5,44.0,0.0,0.0,44.0,51,37,44.0
2017-02-12,0.7,8.0,31.0,29.0,0.039,36.0,12.0,11.0,17.5,62.0,0.0,0.0,62.0,46,35,40.5
2017-02-13,0.5,6.0,46.0,43.0,0.036,33.0,25.0,23.0,4.4,18.0,1.0,1.0,43.0,40,31,35.5
2017-02-14,0.6,7.0,17.0,16.0,0.035,32.0,19.0,18.0,5.9,25.0,1.0,1.0,32.0,52,32,42.0
2017-02-15,0.2,2.0,10.0,9.0,0.033,31.0,9.0,8.0,2.2,9.0,0.0,0.0,31.0,42,28,35.0
2017-02-16,0.4,5.0,46.0,43.0,0.033,31.0,28.0,26.0,4.0,17.0,3.0,4.0,43.0,30,22,26.0
2017-02-17,0.5,6.0,39.0,37.0,0.032,30.0,49.0,45.0,14.2,55.0,12.0,17.0,55.0,54,26,40.0
2017-02-18,0.4,5.0,13.0,12.0,0.048,44.0,20.0,19.0,8.3,35.0,1.0,1.0,44.0,69,49,59.0
2017-02-19,0.5,6.0,39.0,37.0,0.038,35.0,28.0,26.0,17.7,63.0,0.0,0.0,63.0,64,42,53.0
2017-02-20,1.0,11.0,45.0,42.0,0.014,13.0,50.0,46.0,17.1,62.0,2.0,3.0,62.0,59,33,46.0
2017-02-21,0.6,7.0,43.0,41.0,0.026,24.0,71.0,59.0,14.3,56.0,8.0,11.0,59.0,67,45,56.0
2017-02-22,0.7,8.0,38.0,36.0,0.034,31.0,28.0,26.0,17.4,62.0,4.0,6.0,62.0,63,52,57.5
2017-02-23,0.5,6.0,36.0,34.0,0.027,25.0,27.0,25.0,15.0,57.0,0.0,0.0,57.0,68,52,60.0
2017-02-24,0.5,6.0,30.0,28.0,0.038,35.0,32.0,30.0,13.3,54.0,7.0,10.0,54.0,77,45,61.0
2017-02-25,0.2,2.0,5.0,5.0,0.031,29.0,5.0,5.0,3.4,14.0,0.0,0.0,29.0,61,27,44.0
2017-02-26,0.2,2.0,7.0,7.0,0.036,33.0,8.0,7.0,4.2,18.0,0.0,0.0,33.0,43,26,34.5
2017-02-27,0.3,3.0,18.0,17.0,0.036,33.0,14.0,13.0,4.3,18.0,1.0,1.0,33.0,50,36,43.0
2017-02-28,0.6,7.0,25.0,24.0,0.029,27.0,29.0,27.0,13.1,53.0,6.0,9.0,53.0,61,39,50.0
2017-03-02,0.2,2.0,9.0,8.0,0.038,35.0,12.0,11.0,2.8,12.0,0.0,0.0,35.0,35,27,31.0
2017-03-03,0.2,2.0,14.0,13.0,0.038,35.0,14.0,13.0,2.7,11.0,0.0,0.0,35.0,28,24,26.0
2017-03-04,0.2,2.0,12.0,11.0,0.04,37.0,10.0,9.0,1.4,6.0,0.0,0.0,37.0,29,21,25.0
2017-03-07,0.4,5.0,11.0,10.0,0.037,34.0,14.0,13.0,8.2,34.0,1.0,1.0,34.0,61,44,52.5
2017-04-13,0.4,5.0,31.0,29.0,0.026,24.0,18.0,17.0,6.5,27.0,0.0,0.0,29.0,56,45,50.5
2017-04-14,0.5,6.0,40.0,38.0,0.038,35.0,24.0,22.0,6.6,28.0,2.0,3.0,38.0,66,46,56.0
2017-04-15,0.5,6.0,24.0,23.0,0.053,49.0,33.0,31.0,13.2,53.0,5.0,7.0,53.0,83,54,68.5
2017-04-16,0.2,2.0,10.0,9.0,0.047,44.0,17.0,16.0,7.7,32.0,1.0,1.0,44.0,80,62,71.0
2017-04-17,0.3,3.0,31.0,29.0,0.038,35.0,13.0,12.0,4.1,17.0,1.0,1.0,35.0,66,49,57.5
2017-04-18,0.4,5.0,30.0,28.0,0.046,43.0,24.0,22.0,5.8,24.0,1.0,1.0,43.0,72,46,59.0
2017-04-19,0.3,3.0,25.0,24.0,0.033,31.0,27.0,25.0,9.3,39.0,10.0,14.0,39.0,78,56,67.0
2017-04-20,0.4,5.0,29.0,27.0,0.031,29.0,22.0,20.0,16.0,59.0,1.0,1.0,59.0,82,54,68.0
2017-04-21,0.4,5.0,8.0,8.0,0.031,29.0,6.0,6.0,6.2,26.0,0.0,0.0,29.0,66,47,56.5
2017-04-22,0.2,2.0,13.0,12.0,0.033,31.0,5.0,5.0,3.1,13.0,1.0,1.0,31.0,52,42,47.0
2017-04-23,0.4,5.0,39.0,37.0,0.041,38.0,14.0,13.0,7.5,31.0,1.0,1.0,38.0,64,36,50.0
2017-04-24,0.6,7.0,44.0,42.0,0.049,45.0,30.0,28.0,8.2,34.0,10.0,14.0,45.0,75,42,58.5
2017-04-25,0.2,2.0,15.0,14.0,0.039,36.0,19.0,18.0,4.9,20.0,1.0,1.0,36.0,77,57,67.0
2017-04-26,0.4,5.0,33.0,31.0,0.041,38.0,63.0,55.0,11.0,46.0,9.0,13.0,55.0,82,56,69.0
2017-04-28,0.4,5.0,23.0,22.0,0.032,30.0,22.0,20.0,9.7,40.0,1.0,1.0,40.0,64,47,55.5
2017-04-29,0.4,5.0,11.0,10.0,0.033,31.0,8.0,7.0,7.6,32.0,0.0,0.0,32.0,58,47,52.5
2017-04-30,0.3,3.0,13.0,12.0,0.03,28.0,17.0,16.0,8.2,34.0,2.0,3.0,34.0,86,49,67.5
2017-05-01,0.3,3.0,17.0,16.0,0.042,39.0,21.0,19.0,7.7,32.0,4.0,6.0,39.0,76,53,64.5
2017-05-03,0.2,2.0,12.0,11.0,0.037,34.0,8.0,7.0,3.2,13.0,1.0,1.0,34.0,57,44,50.5
2017-05-04,0.3,3.0,22.0,21.0,0.022,20.0,12.0,11.0,5.9,25.0,1.0,1.0,25.0,56,48,52.0
2017-05-05,0.3,3.0,12.0,11.0,0.037,34.0,3.0,3.0,2.1,9.0,0.0,0.0,34.0,53,45,49.0
2017-05-06,0.2,2.0,4.0,4.0,0.034,31.0,4.0,4.0,2.5,10.0,0.0,0.0,31.0,52,45,48.5
2017-05-07,0.2,2.0,13.0,12.0,0.039,36.0,6.0,6.0,1.5,6.0,1.0,1.0,36.0,56,40,48.0
2017-05-09,0.5,6.0,48.0,45.0,0.043,40.0,54.0,50.0,12.6,52.0,10.0,14.0,52.0,62,36,49.0
2017-05-10,0.4,5.0,34.0,32.0,0.037,34.0,23.0,21.0,5.0,21.0,1.0,1.0,34.0,64,48,56.0
2017-05-11,0.3,3.0,19.0,18.0,0.031,29.0,12.0,11.0,4.9,20.0,0.0,0.0,29.0,58,51,54.5
2017-05-12,0.4,5.0,29.0,27.0,0.03,28.0,15.0,14.0,10.7,45.0,0.0,0.0,45.0,59,48,53.5
2017-05-13,0.3,3.0,23.0,22.0,0.047,44.0,19.0,18.0,10.4,43.0,0.0,0.0,44.0,70,42,56.0
2017-05-14,0.3,3.0,15.0,14.0,0.038,35.0,14.0,13.0,13.4,54.0,2.0,3.0,54.0,64,50,57.0
2017-05-15,0.4,5.0,38.0,36.0,0.029,27.0,21.0,19.0,4.0,17.0,3.0,4.0,36.0,68,40,54.0
2017-05-16,0.4,5.0,26.0,25.0,0.061,71.0,57.0,52.0,11.0,46.0,3.0,4.0,71.0,87,49,68.0
2017-05-17,0.4,5.0,41.0,39.0,0.05,46.0,64.0,55.0,15.1,57.0,5.0,7.0,57.0,90,70,80.0
2017-05-18,0.2,2.0,11.0,10.0,0.048,44.0,44.0,41.0,25.5,79.0,0.0,0.0,79.0,89,71,80.0
2017-05-19,0.2,2.0,11.0,10.0,0.025,23.0,11.0,10.0,5.6,23.0,0.0,0.0,23.0,72,52,62.0
2017-05-20,0.3,3.0,11.0,10.0,0.031,29.0,15.0,14.0,7.0,29.0,0.0,0.0,29.0,73,54,63.5
2017-05-21,0.5,6.0,11.0,10.0,0.031,29.0,20.0,19.0,11.2,47.0,1.0,1.0,47.0,76,65,70.5
2017-05-22,0.2,2.0,21.0,20.0,0.045,42.0,14.0,13.0,4.8,20.0,14.0,20.0,42.0,71,54,62.5
2017-05-23,0.4,5.0,39.0,37.0,0.047,44.0,35.0,32.0,11.3,47.0,10.0,14.0,47.0,77,52,64.5
2017-05-24,0.4,5.0,32.0,30.0,0.033,31.0,18.0,17.0,9.0,38.0,3.0,4.0,38.0,68,61,64.5
2017-05-25,0.3,3.0,22.0,21.0,0.029,27.0,8.0,7.0,4.9,20.0,0.0,0.0,27.0,63,59,61.0
2017-05-26,0.3,3.0,31.0,29.0,0.037,34.0,11.0,10.0,5.2,22.0,0.0,0.0,34.0,70,58,64.0
2017-05-27,0.4,5.0,24.0,23.0,0.039,36.0,12.0,11.0,10.1,42.0,0.0,0.0,42.0,73,59,66.0
2017-05-28,0.4,5.0,14.0,13.0,0.039,36.0,23.0,21.0,12.3,51.0,10.0,14.0,51.0,81,59,70.0
2017-05-29,0.3,3.0,14.0,13.0,0.047,44.0,16.0,15.0,6.8,28.0,8.0,11.0,44.0,82,60,71.0
2017-05-30,0.3,3.0,20.0,19.0,0.044,41.0,27.0,25.0,4.7,20.0,6.0,9.0,41.0,79,58,68.5
2017-05-31,0.3,3.0,36.0,34.0,0.047,44.0,40.0,37.0,8.3,35.0,12.0,17.0,44.0,78,56,67.0
2017-06-01,0.3,3.0,39.0,37.0,0.042,39.0,27.0,25.0,6.5,27.0,10.0,14.0,39.0,73,53,63.0
2017-06-02,0.5,6.0,38.0,36.0,0.041,38.0,44.0,41.0,14.7,56.0,10.0,14.0,56.0,80,52,66.0
2017-06-03,0.3,3.0,18.0,17.0,0.045,42.0,29.0,27.0,11.8,49.0,1.0,1.0,49.0,82,56,69.0
2017-06-04,0.4,5.0,33.0,31.0,0.051,47.0,29.0,27.0,13.4,54.0,11.0,16.0,54.0,88,69,78.5
2017-06-05,0.2,2.0,11.0,10.0,0.042,39.0,12.0,11.0,6.1,25.0,0.0,0.0,39.0,71,59,65.0
2017-06-06,0.2,2.0,10.0,9.0,0.03,28.0,10.0,9.0,5.0,21.0,0.0,0.0,28.0,68,52,60.0
2017-06-07,0.3,3.0,17.0,16.0,0.028,26.0,9.0,8.0,3.6,15.0,0.0,0.0,26.0,66,54,60.0
2017-06-08,0.6,7.0,36.0,34.0,0.036,33.0,30.0,28.0,8.9,37.0,5.0,7.0,37.0,73,50,61.5
2017-06-09,0.5,6.0,36.0,34.0,0.043,40.0,69.0,58.0,16.3,60.0,17.0,24.0,60.0,79,53,66.0
2017-06-10,0.7,8.0,10.0,9.0,0.064,80.0,30.0,28.0,10.0,42.0,1.0,1.0,80.0,89,67,78.0
2017-06-14,0.4,5.0,28.0,26.0,0.052,48.0,40.0,37.0,13.0,53.0,3.0,4.0,53.0,88,69,78.5
2017-06-15,0.4,5.0,32.0,30.0,0.044,41.0,24.0,22.0,7.9,33.0,14.0,20.0,41.0,86,72,79.0
2017-06-16,0.3,3.0,24.0,23.0,0.055,51.0,22.0,20.0,4.9,20.0,7.0,10.0,51.0,91,70,80.5
2017-06-17,0.3,3.0,15.0,14.0,0.056,54.0,29.0,27.0,10.3,43.0,5.0,7.0,54.0,92,72,82.0
2017-06-18,0.2,2.0,5.0,5.0,0.039,36.0,19.0,18.0,3.0,13.0,0.0,0.0,36.0,90,72,81.0
2017-06-19,0.2,2.0,15.0,14.0,0.041,38.0,13.0,12.0,-0.1,0.0,1.0,1.0,38.0,81,63,72.0
2017-06-20,0.2,2.0,14.0,13.0,0.043,40.0,12.0,11.0,0.3,1.0,0.0,0.0,40.0,80,60,70.0
2017-06-21,0.3,3.0,27.0,25.0,0.041,38.0,14.0,13.0,5.0,21.0,2.0,3.0,38.0,76,60,68.0
2017-06-22,0.3,3.0,27.0,25.0,0.044,41.0,37.0,34.0,7.8,33.0,4.0,6.0,41.0,89,62,75.5
2017-06-23,0.3,3.0,11.0,10.0,0.028,26.0,10.0,9.0,-2.9,0.0,0.0,0.0,26.0,78,71,74.5
2017-06-24,0.2,2.0,9.0,8.0,0.041,38.0,13.0,12.0,0.9,4.0,0.0,0.0,38.0,81,63,72.0
2017-06-25,0.2,2.0,9.0,8.0,0.043,40.0,12.0,11.0,0.8,3.0,0.0,0.0,40.0,76,60,68.0
2017-06-27,0.2,2.0,30.0,28.0,0.033,31.0,16.0,15.0,1.9,8.0,8.0,11.0,31.0,72,53,62.5
2017-06-28,0.2,2.0,16.0,15.0,0.047,44.0,24.0,22.0,3.1,13.0,7.0,10.0,44.0,79,57,68.0
2017-06-29,0.2,2.0,22.0,21.0,0.052,48.0,36.0,33.0,4.7,20.0,7.0,10.0,48.0,88,68,78.0
2017-06-30,0.3,3.0,16.0,15.0,0.043,40.0,16.0,15.0,2.3,10.0,1.0,1.0,40.0,88,70,79.0
2017-07-01,0.2,2.0,24.0,23.0,0.044,41.0,13.0,12.0,3.4,14.0,2.0,3.0,41.0,85,69,77.0
2017-07-02,0.3,3.0,12.0,11.0,0.053,49.0,18.0,17.0,4.3,18.0,0.0,0.0,49.0,85,67,76.0
2017-07-04,0.3,3.0,13.0,12.0,0.038,35.0,20.0,19.0,7.3,30.0,2.0,3.0,35.0,79,68,73.5
2017-07-05,0.3,3.0,23.0,22.0,0.035,32.0,22.0,20.0,9.3,39.0,0.0,0.0,39.0,82,61,71.5
2017-07-06,0.7,8.0,34.0,32.0,0.054,50.0,54.0,50.0,15.0,57.0,14.0,20.0,57.0,83,66,74.5
2017-07-07,0.4,5.0,17.0,16.0,0.05,46.0,16.0,15.0,2.8,12.0,1.0,1.0,46.0,83,68,75.5
2017-07-08,0.3,3.0,13.0,12.0,0.033,31.0,14.0,13.0,4.4,18.0,9.0,13.0,31.0,77,63,70.0
2017-07-09,0.4,5.0,16.0,15.0,0.05,46.0,20.0,19.0,6.2,26.0,7.0,10.0,46.0,82,59,70.5
2017-07-12,0.3,3.0,11.0,10.0,0.045,42.0,21.0,19.0,3.8,16.0,0.0,0.0,42.0,88,72,80.0
2017-07-13,0.2,2.0,16.0,15.0,0.03,28.0,18.0,17.0,6.3,26.0,0.0,0.0,28.0,84,73,78.5
2017-07-14,0.2,2.0,10.0,9.0,0.039,36.0,14.0,13.0,2.3,10.0,0.0,0.0,36.0,85,72,78.5
2017-07-15,0.2,2.0,21.0,20.0,0.032,30.0,12.0,11.0,2.6,11.0,3.0,4.0,30.0,79,65,72.0
2017-07-16,0.3,3.0,15.0,14.0,0.043,40.0,18.0,17.0,6.8,28.0,7.0,10.0,40.0,85,62,73.5
2017-07-17,0.2,2.0,24.0,23.0,0.034,31.0,15.0,14.0,5.7,24.0,0.0,0.0,31.0,78,66,72.0
2017-07-18,0.4,5.0,31.0,29.0,0.049,45.0,48.0,44.0,11.7,49.0,40.0,56.0,56.0,87,62,74.5
2017-07-19,0.4,5.0,36.0,34.0,0.061,71.0,33.0,31.0,12.4,52.0,6.0,9.0,71.0,92,74,83.0
2017-07-20,0.3,3.0,31.0,29.0,0.049,45.0,28.0,26.0,6.3,26.0,4.0,6.0,45.0,89,74,81.5
2017-07-21,0.3,3.0,40.0,38.0,0.049,45.0,26.0,24.0,7.2,30.0,5.0,7.0,45.0,91,73,82.0
2017-07-22,0.3,3.0,18.0,17.0,0.04,37.0,18.0,17.0,6.1,25.0,3.0,4.0,37.0,85,75,80.0
2017-07-23,0.2,2.0,8.0,8.0,0.047,44.0,11.0,10.0,1.6,7.0,0.0,0.0,44.0,85,71,78.0
2017-07-24,0.2,2.0,13.0,12.0,0.028,26.0,9.0,8.0,0.3,1.0,2.0,3.0,26.0,76,68,72.0
2017-07-25,0.2,2.0,18.0,17.0,0.028,26.0,10.0,9.0,-2.7,0.0,1.0,1.0,26.0,77,64,70.5
2017-07-26,0.3,3.0,29.0,27.0,0.049,45.0,32.0,30.0,6.8,28.0,6.0,9.0,45.0,85,57,71.0
2017-07-29,0.3,3.0,11.0,10.0,0.031,29.0,12.0,11.0,-0.7,0.0,0.0,0.0,29.0,80,62,71.0
2017-07-30,0.3,3.0,18.0,17.0,0.032,30.0,14.0,13.0,1.4,6.0,0.0,0.0,30.0,85,60,72.5
2017-07-31,0.4,5.0,35.0,33.0,0.04,37.0,46.0,43.0,10.0,42.0,24.0,34.0,43.0,87,62,74.5
2017-08-01,0.6,7.0,46.0,43.0,0.053,49.0,50.0,46.0,12.3,51.0,28.0,40.0,51.0,88,63,75.5
2017-08-03,0.4,5.0,32.0,30.0,0.043,40.0,46.0,43.0,10.2,43.0,9.0,13.0,43.0,87,67,77.0
2017-08-04,0.4,5.0,22.0,21.0,0.031,29.0,20.0,19.0,6.5,27.0,1.0,1.0,29.0,82,63,72.5
2017-08-05,0.2,2.0,24.0,23.0,0.034,31.0,13.0,12.0,1.6,7.0,0.0,0.0,31.0,78,59,68.5
2017-08-06,0.4,5.0,19.0,18.0,0.038,35.0,25.0,23.0,7.8,33.0,6.0,9.0,35.0,80,60,70.0
2017-08-08,0.3,3.0,30.0,28.0,0.039,36.0,18.0,17.0,4.6,19.0,23.0,33.0,36.0,81,62,71.5
2017-08-10,0.4,5.0,33.0,31.0,0.046,43.0,52.0,48.0,13.1,53.0,7.0,10.0,53.0,84,60,72.0
2017-08-11,0.4,5.0,21.0,20.0,0.039,36.0,34.0,31.0,10.1,42.0,4.0,6.0,42.0,84,69,76.5
2017-08-12,0.2,2.0,15.0,14.0,0.048,44.0,14.0,13.0,4.8,20.0,0.0,0.0,44.0,79,64,71.5
2017-08-13,0.2,2.0,19.0,18.0,0.027,25.0,12.0,11.0,1.1,5.0,2.0,3.0,25.0,80,59,69.5
2017-08-14,0.5,6.0,39.0,37.0,0.044,41.0,40.0,37.0,8.5,35.0,10.0,14.0,41.0,85,63,74.0
2017-08-16,0.4,5.0,34.0,32.0,0.039,36.0,37.0,34.0,9.2,38.0,1.0,1.0,38.0,86,62,74.0
2017-08-17,0.4,5.0,28.0,26.0,0.023,21.0,49.0,45.0,12.2,51.0,2.0,3.0,51.0,92,72,82.0
2017-08-18,0.2,2.0,11.0,10.0,0.041,38.0,17.0,16.0,-0.2,0.0,0.0,0.0,38.0,85,70,77.5
2017-08-19,0.4,5.0,27.0,25.0,0.05,46.0,18.0,17.0,4.9,20.0,2.0,3.0,46.0,83,65,74.0
2017-08-20,0.4,5.0,18.0,17.0,0.052,48.0,28.0,26.0,14.0,55.0,6.0,9.0,55.0,89,61,75.0
2017-08-21,0.4,5.0,33.0,31.0,0.047,44.0,40.0,37.0,11.0,46.0,3.0,4.0,46.0,92,73,82.5
2017-08-23,0.3,3.0,30.0,28.0,0.033,31.0,17.0,16.0,3.8,16.0,1.0,1.0,31.0,79,60,69.5
2017-08-24,0.4,5.0,25.0,24.0,0.032,30.0,16.0,15.0,4.2,18.0,4.0,6.0,30.0,72,59,65.5
2017-08-25,0.4,5.0,30.0,28.0,0.028,26.0,23.0,21.0,7.1,30.0,1.0,1.0,30.0,74,55,64.5
2017-08-26,0.5,6.0,25.0,24.0,0.039,36.0,36.0,33.0,12.5,52.0,30.0,43.0,52.0,74,52,63.0
2017-08-27,0.5,6.0,22.0,21.0,0.042,39.0,31.0,29.0,10.7,45.0,10.0,14.0,45.0,79,53,66.0
2017-08-29,0.2,2.0,21.0,20.0,0.037,34.0,31.0,29.0,10.2,43.0,2.0,3.0,43.0,75,64,69.5
2017-08-30,0.5,6.0,27.0,25.0,0.051,47.0,34.0,31.0,11.6,48.0,5.0,7.0,48.0,81,63,72.0
2017-08-31,0.3,3.0,16.0,15.0,0.027,25.0,16.0,15.0,8.3,35.0,1.0,1.0,35.0,72,62,67.0
2017-09-01,0.3,3.0,13.0,12.0,0.028,26.0,10.0,9.0,1.8,8.0,0.0,0.0,26.0,71,56,63.5
2017-09-02,0.2,2.0,10.0,9.0,0.026,24.0,13.0,12.0,1.5,6.0,0.0,0.0,24.0,66,59,62.5
2017-09-03,0.4,5.0,24.0,23.0,0.042,39.0,18.0,17.0,9.3,39.0,1.0,1.0,39.0,78,61,69.5
2017-09-04,0.4,5.0,7.0,7.0,0.047,44.0,27.0,25.0,9.3,39.0,1.0,1.0,44.0,88,62,75.0
2017-09-06,0.3,3.0,19.0,18.0,0.026,24.0,14.0,13.0,4.9,20.0,0.0,0.0,24.0,69,52,60.5
2017-09-07,0.3,3.0,11.0,10.0,0.02,19.0,8.0,7.0,2.9,12.0,0.0,0.0,19.0,70,50,60.0
2017-09-08,0.3,3.0,19.0,18.0,0.031,29.0,8.0,7.0,2.1,9.0,0.0,0.0,29.0,69,53,61.0
2017-09-09,0.3,3.0,19.0,18.0,0.028,26.0,14.0,13.0,4.1,17.0,0.0,0.0,26.0,69,50,59.5
2017-09-10,0.4,5.0,23.0,22.0,0.027,25.0,17.0,16.0,5.9,25.0,3.0,4.0,25.0,72,45,58.5
2017-09-11,0.4,5.0,26.0,25.0,0.029,27.0,34.0,31.0,9.5,40.0,6.0,9.0,40.0,77,50,63.5
2017-09-12,0.4,5.0,26.0,25.0,0.032,30.0,26.0,24.0,4.9,20.0,2.0,3.0,30.0,77,53,65.0
2017-09-13,0.5,6.0,24.0,23.0,0.028,26.0,40.0,37.0,6.6,28.0,4.0,6.0,37.0,83,64,73.5
2017-09-14,0.3,3.0,24.0,23.0,0.021,19.0,18.0,17.0,3.6,15.0,2.0,3.0,23.0,75,61,68.0
2017-09-15,0.5,6.0,37.0,35.0,0.032,30.0,45.0,42.0,10.8,45.0,2.0,3.0,45.0,81,56,68.5
2017-09-16,0.6,7.0,25.0,24.0,0.041,38.0,36.0,33.0,20.8,69.0,13.0,19.0,69.0,81,60,70.5
2017-09-17,0.5,6.0,26.0,25.0,0.045,42.0,32.0,30.0,16.7,61.0,7.0,10.0,61.0,85,63,74.0
2017-09-18,0.6,7.0,28.0,26.0,0.041,38.0,51.0,47.0,15.1,57.0,10.0,14.0,57.0,88,62,75.0
2017-09-19,0.6,7.0,36.0,34.0,0.027,25.0,67.0,57.0,18.3,64.0,6.0,9.0,64.0,83,66,74.5
2017-09-20,0.8,9.0,35.0,33.0,0.041,38.0,44.0,41.0,13.0,53.0,6.0,9.0,53.0,88,68,78.0
2017-09-21,0.6,7.0,44.0,42.0,0.042,39.0,59.0,53.0,17.3,62.0,15.0,21.0,62.0,92,64,78.0
2017-09-22,0.4,5.0,37.0,35.0,0.039,36.0,57.0,52.0,11.7,49.0,19.0,27.0,52.0,92,64,78.0
2017-09-23,0.7,8.0,41.0,39.0,0.05,46.0,53.0,49.0,13.0,53.0,18.0,26.0,53.0,91,62,76.5
2017-09-24,0.8,9.0,40.0,38.0,0.054,50.0,46.0,43.0,19.5,67.0,12.0,17.0,67.0,93,64,78.5
2017-09-25,0.4,5.0,46.0,43.0,0.053,49.0,52.0,48.0,17.8,63.0,6.0,9.0,63.0,94,69,81.5
2017-09-26,0.4,5.0,50.0,47.0,0.051,47.0,58.0,52.0,16.1,59.0,36.0,51.0,59.0,92,68,80.0
2017-09-27,0.4,5.0,46.0,43.0,0.046,43.0,48.0,44.0,16.1,59.0,108.0,115.0,115.0,86,65,75.5
2017-09-28,0.2,2.0,22.0,21.0,0.034,31.0,10.0,9.0,0.9,4.0,1.0,1.0,31.0,69,51,60.0
2017-09-29,0.4,5.0,28.0,26.0,0.036,33.0,37.0,34.0,5.8,24.0,5.0,7.0,34.0,72,47,59.5
2017-09-30,0.2,2.0,13.0,12.0,0.031,29.0,9.0,8.0,0.6,3.0,0.0,0.0,29.0,63,46,54.5
2017-10-01,0.4,5.0,35.0,33.0,0.035,32.0,19.0,18.0,6.5,27.0,33.0,47.0,47.0,72,39,55.5
2017-10-03,0.4,5.0,36.0,34.0,0.041,38.0,60.0,53.0,11.0,46.0,40.0,56.0,56.0,85,51,68.0
2017-10-04,0.4,5.0,40.0,38.0,0.035,32.0,56.0,51.0,9.5,40.0,69.0,92.0,92.0,84,68,76.0
2017-10-05,0.3,3.0,23.0,22.0,0.027,25.0,17.0,16.0,5.7,24.0,0.0,0.0,25.0,75,61,68.0
2017-10-06,0.3,3.0,26.0,25.0,0.021,19.0,24.0,22.0,14.7,56.0,1.0,1.0,56.0,70,65,67.5
2017-10-07,0.3,3.0,16.0,15.0,0.039,36.0,25.0,23.0,11.1,46.0,5.0,7.0,46.0,84,66,75.0
2017-10-08,0.3,3.0,8.0,8.0,0.027,25.0,9.0,8.0,2.0,8.0,0.0,0.0,25.0,74,65,69.5
2017-10-09,0.4,5.0,26.0,25.0,0.021,19.0,16.0,15.0,8.1,34.0,0.0,0.0,34.0,71,63,67.0
2017-10-11,0.4,5.0,22.0,21.0,0.012,11.0,13.0,12.0,7.5,31.0,0.0,0.0,31.0,67,60,63.5
2017-10-12,0.4,5.0,16.0,15.0,0.013,12.0,18.0,17.0,6.1,25.0,0.0,0.0,25.0,70,58,64.0
2017-10-13,0.5,6.0,34.0,32.0,0.028,26.0,28.0,26.0,8.5,35.0,3.0,4.0,35.0,75,57,66.0
2017-10-14,0.5,6.0,24.0,23.0,0.044,41.0,38.0,35.0,20.0,68.0,7.0,10.0,68.0,80,54,67.0
2017-10-15,0.3,3.0,3.0,3.0,0.031,29.0,15.0,14.0,3.9,16.0,0.0,0.0,29.0,79,53,66.0
2017-10-17,0.4,5.0,29.0,27.0,0.036,33.0,28.0,26.0,6.9,29.0,5.0,7.0,33.0,67,40,53.5
2017-10-18,0.7,8.0,36.0,34.0,0.037,34.0,49.0,45.0,10.0,42.0,10.0,14.0,45.0,70,47,58.5
2017-10-19,0.3,3.0,35.0,33.0,0.045,42.0,38.0,35.0,8.7,36.0,3.0,4.0,42.0,74,49,61.5
2017-10-20,0.6,7.0,43.0,41.0,0.032,30.0,63.0,55.0,14.3,56.0,40.0,56.0,56.0,75,44,59.5
2017-10-21,0.4,5.0,33.0,31.0,0.043,40.0,38.0,35.0,13.7,54.0,17.0,24.0,54.0,76,47,61.5
2017-10-22,0.4,5.0,19.0,18.0,0.043,40.0,31.0,29.0,13.3,54.0,19.0,27.0,54.0,79,52,65.5
2017-10-23,0.3,3.0,29.0,27.0,0.032,30.0,36.0,33.0,8.1,34.0,12.0,17.0,34.0,68,58,63.0
2017-10-26,0.4,5.0,32.0,30.0,0.03,28.0,16.0,15.0,5.4,23.0,13.0,19.0,30.0,56,39,47.5
2017-10-27,0.4,5.0,25.0,24.0,0.038,35.0,28.0,26.0,6.2,26.0,11.0,16.0,35.0,69,44,56.5
2017-10-28,0.2,2.0,9.0,8.0,0.019,18.0,5.0,5.0,1.7,7.0,0.0,0.0,18.0,44,37,40.5
2017-10-29,0.2,2.0,15.0,14.0,0.027,25.0,5.0,5.0,2.0,8.0,1.0,1.0,25.0,46,35,40.5
2017-10-30,0.2,2.0,14.0,13.0,0.021,19.0,10.0,9.0,3.2,13.0,0.0,0.0,19.0,45,36,40.5
2017-11-02,0.5,6.0,23.0,22.0,0.029,27.0,24.0,22.0,8.4,35.0,3.0,4.0,35.0,67,53,60.0
2017-11-03,0.3,3.0,15.0,14.0,0.024,22.0,11.0,10.0,2.8,12.0,0.0,0.0,22.0,67,43,55.0
2017-11-04,0.3,3.0,19.0,18.0,0.017,16.0,15.0,14.0,3.9,16.0,1.0,1.0,18.0,62,39,50.5
2017-11-05,0.3,3.0,11.0,10.0,0.02,19.0,15.0,14.0,4.8,20.0,0.0,0.0,20.0,68,58,63.0
2017-11-06,0.2,2.0,11.0,10.0,0.023,21.0,7.0,6.0,1.3,5.0,0.0,0.0,21.0,61,43,52.0
2017-11-07,0.3,3.0,14.0,13.0,0.024,22.0,11.0,10.0,2.2,9.0,0.0,0.0,22.0,49,41,45.0
2017-11-11,0.4,5.0,30.0,28.0,0.029,27.0,15.0,14.0,6.3,26.0,26.0,37.0,37.0,38,20,29.0
2017-11-14,0.4,5.0,32.0,30.0,0.017,16.0,22.0,20.0,16.6,60.0,2.0,3.0,60.0,50,33,41.5
2017-11-15,0.4,5.0,27.0,25.0,0.015,14.0,38.0,35.0,17.1,62.0,5.0,7.0,62.0,49,32,40.5
2017-11-16,0.2,2.0,11.0,10.0,0.023,21.0,7.0,6.0,2.8,12.0,0.0,0.0,21.0,49,39,44.0
2017-11-17,0.3,3.0,12.0,11.0,0.021,19.0,18.0,17.0,3.8,16.0,3.0,4.0,19.0,47,38,42.5
2017-11-18,0.5,6.0,18.0,17.0,0.023,21.0,15.0,14.0,7.3,30.0,0.0,0.0,30.0,57,37,47.0
2017-11-21,0.4,5.0,16.0,15.0,0.031,29.0,19.0,18.0,4.6,19.0,1.0,1.0,29.0,56,37,46.5
2017-11-22,0.2,2.0,22.0,21.0,0.026,24.0,9.0,8.0,1.7,7.0,0.0,0.0,24.0,39,30,34.5
2017-11-23,0.2,2.0,17.0,16.0,0.028,26.0,8.0,7.0,6.1,25.0,0.0,0.0,26.0,40,26,33.0
2017-11-24,0.4,5.0,20.0,19.0,0.031,29.0,27.0,25.0,9.9,41.0,9.0,13.0,41.0,54,33,43.5
2017-11-25,0.3,3.0,10.0,9.0,0.031,29.0,12.0,11.0,3.1,13.0,0.0,0.0,29.0,53,41,47.0
2017-11-26,0.2,2.0,11.0,10.0,0.035,32.0,6.0,6.0,1.3,5.0,0.0,0.0,32.0,43,32,37.5
2017-11-29,0.2,2.0,19.0,18.0,0.024,22.0,15.0,14.0,3.0,13.0,1.0,1.0,22.0,59,34,46.5
2017-11-30,0.3,3.0,35.0,33.0,0.021,19.0,31.0,29.0,11.0,46.0,10.0,14.0,46.0,55,34,44.5
2017-12-01,0.7,8.0,39.0,37.0,0.021,19.0,29.0,27.0,10.6,44.0,1.0,1.0,44.0,48,29,38.5
2017-12-02,0.8,9.0,36.0,34.0,0.013,12.0,38.0,35.0,23.6,75.0,7.0,10.0,75.0,50,27,38.5
2017-12-03,0.7,8.0,39.0,37.0,0.015,14.0,37.0,34.0,34.3,98.0,7.0,10.0,98.0,55,30,42.5
2017-12-06,0.2,2.0,11.0,10.0,0.024,22.0,10.0,9.0,1.3,5.0,0.0,0.0,22.0,42,28,35.0
2017-12-07,0.2,2.0,21.0,20.0,0.022,20.0,16.0,15.0,4.7,20.0,0.0,0.0,20.0,35,25,30.0
2017-12-08,0.3,3.0,16.0,15.0,0.026,24.0,13.0,12.0,3.5,15.0,0.0,0.0,24.0,33,20,26.5
2017-12-09,0.4,5.0,23.0,22.0,0.023,21.0,19.0,18.0,9.1,38.0,5.0,7.0,38.0,34,20,27.0
2017-12-12,0.4,5.0,15.0,14.0,0.035,32.0,15.0,14.0,3.5,15.0,0.0,0.0,32.0,35,18,26.5
2017-12-13,0.3,3.0,17.0,16.0,0.024,22.0,13.0,12.0,3.5,15.0,0.0,0.0,22.0,25,17,21.0
2017-12-14,0.3,3.0,27.0,25.0,0.03,28.0,11.0,10.0,4.7,20.0,0.0,0.0,28.0,28,10,19.0
2017-12-15,0.6,7.0,20.0,19.0,0.022,20.0,22.0,20.0,13.3,54.0,3.0,4.0,54.0,28,6,17.0
2017-12-16,0.5,6.0,29.0,27.0,0.021,19.0,16.0,15.0,8.8,37.0,1.0,1.0,37.0,41,27,34.0
2017-12-17,0.7,8.0,31.0,29.0,0.014,13.0,24.0,22.0,25.1,78.0,2.0,3.0,78.0,39,23,31.0
2017-12-18,0.3,3.0,16.0,15.0,0.02,19.0,12.0,11.0,10.9,45.0,0.0,0.0,45.0,45,38,41.5
2017-12-19,0.2,2.0,12.0,11.0,0.024,22.0,17.0,16.0,10.8,45.0,0.0,0.0,45.0,52,37,44.5
2017-12-20,0.3,3.0,36.0,34.0,0.029,27.0,23.0,21.0,2.8,12.0,0.0,0.0,34.0,40,26,33.0
2017-12-21,0.3,3.0,27.0,25.0,0.016,15.0,19.0,18.0,3.3,14.0,0.0,0.0,25.0,39,30,34.5
2017-12-22,0.5,6.0,27.0,25.0,0.009,8.0,20.0,19.0,14.4,56.0,1.0,1.0,56.0,43,37,40.0
2017-12-23,0.5,6.0,18.0,17.0,0.022,20.0,6.0,6.0,7.6,32.0,0.0,0.0,32.0,39,29,34.0
2017-12-24,0.3,3.0,28.0,26.0,0.025,23.0,9.0,8.0,12.4,52.0,0.0,0.0,52.0,33,27,30.0
2017-12-25,0.3,3.0,8.0,8.0,0.032,30.0,11.0,10.0,4.7,20.0,0.0,0.0,30.0,28,13,20.5
2017-12-26,0.2,2.0,13.0,12.0,0.03,28.0,14.0,13.0,6.6,28.0,0.0,0.0,28.0,15,9,12.0
2017-12-27,0.3,3.0,29.0,27.0,0.025,23.0,10.0,9.0,12.1,51.0,1.0,1.0,51.0,13,4,8.5
2017-12-28,0.3,3.0,31.0,29.0,0.019,18.0,15.0,14.0,11.9,50.0,2.0,3.0,50.0,18,7,12.5
2017-12-29,0.3,3.0,19.0,18.0,0.022,20.0,14.0,13.0,15.8,59.0,1.0,1.0,59.0,19,14,16.5
2017-12-30,0.2,2.0,16.0,15.0,0.032,30.0,8.0,7.0,10.3,43.0,0.0,0.0,43.0,18,14,16.0
2018-01-02,0.2,2.0,14.0,13.0,0.032,30.0,17.0,16.0,6.8,28.0,0.0,0.0,30.0,14,5,9.5
2018-01-04,0.2,2.0,14.0,13.0,0.034,31.0,14.0,13.0,2.8,12.0,0.0,0.0,31.0,19,4,11.5
2018-01-05,0.3,3.0,12.0,11.0,0.031,29.0,17.0,16.0,0.7,3.0,0.0,0.0,29.0,10,-2,4.0
2018-01-06,0.3,3.0,29.0,27.0,0.033,31.0,15.0,14.0,1.4,6.0,0.0,0.0,31.0,12,-1,5.5
2018-01-07,0.4,5.0,34.0,32.0,0.026,24.0,28.0,26.0,12.1,51.0,13.0,19.0,51.0,31,-5,13.0
2018-01-08,0.4,5.0,14.0,13.0,0.021,19.0,12.0,11.0,6.0,25.0,2.0,3.0,25.0,37,31,34.0
2018-01-09,0.6,7.0,37.0,35.0,0.018,17.0,15.0,14.0,23.2,74.0,1.0,1.0,74.0,35,25,30.0
2018-01-10,0.6,7.0,29.0,27.0,0.017,16.0,18.0,17.0,21.5,71.0,0.0,0.0,71.0,54,25,39.5
2018-01-11,0.5,6.0,25.0,24.0,0.018,17.0,18.0,17.0,4.2,18.0,2.0,3.0,24.0,62,53,57.5
2018-01-12,0.3,3.0,14.0,13.0,0.037,34.0,9.0,8.0,0.7,3.0,0.0,0.0,34.0,60,20,40.0
2018-01-13,0.2,2.0,6.0,6.0,0.034,31.0,7.0,6.0,0.4,2.0,0.0,0.0,31.0,20,16,18.0
2018-01-14,0.3,3.0,30.0,28.0,0.029,27.0,12.0,11.0,6.8,28.0,1.0,1.0,28.0,19,10,14.5
2018-01-15,0.4,5.0,36.0,34.0,0.018,17.0,18.0,17.0,10.7,45.0,1.0,1.0,45.0,28,9,18.5
2018-01-17,0.3,3.0,21.0,20.0,0.026,24.0,16.0,15.0,19.0,66.0,0.0,0.0,66.0,20,2,11.0
2018-01-18,0.2,2.0,15.0,14.0,0.03,28.0,19.0,18.0,13.7,54.0,1.0,1.0,54.0,31,14,22.5
2018-01-19,0.3,3.0,22.0,21.0,0.035,32.0,24.0,22.0,13.8,55.0,2.0,3.0,55.0,39,23,31.0
2018-01-20,0.3,3.0,20.0,19.0,0.036,33.0,18.0,17.0,8.1,34.0,1.0,1.0,34.0,43,36,39.5
2018-01-21,0.5,6.0,24.0,23.0,0.019,18.0,22.0,20.0,19.1,66.0,0.0,0.0,66.0,48,37,42.5
2018-01-22,0.5,6.0,23.0,22.0,0.031,29.0,23.0,21.0,12.1,51.0,2.0,3.0,51.0,62,47,54.5
2018-01-25,0.4,5.0,29.0,27.0,0.026,24.0,15.0,14.0,7.6,32.0,0.0,0.0,32.0,35,25,30.0
2018-01-26,0.4,5.0,30.0,28.0,0.035,32.0,41.0,38.0,12.0,50.0,11.0,16.0,50.0,54,31,42.5
2018-01-27,0.4,5.0,9.0,8.0,0.031,29.0,15.0,14.0,7.0,29.0,0.0,0.0,29.0,51,37,44.0
2018-01-28,0.6,7.0,32.0,30.0,0.021,19.0,21.0,19.0,14.4,56.0,1.0,1.0,56.0,49,27,38.0
2018-01-30,0.2,2.0,22.0,21.0,0.032,30.0,10.0,9.0,1.4,6.0,0.0,0.0,30.0,22,16,19.0
2018-01-31,0.4,5.0,26.0,25.0,0.028,26.0,32.0,30.0,6.4,27.0,3.0,4.0,30.0,43,16,29.5
2018-02-01,0.2,2.0,16.0,15.0,0.031,29.0,19.0,18.0,7.9,33.0,0.0,0.0,33.0,44,18,31.0
2018-02-02,0.2,2.0,12.0,11.0,0.032,30.0,30.0,28.0,2.0,8.0,0.0,0.0,30.0,19,14,16.5
2018-02-03,0.5,6.0,14.0,13.0,0.028,26.0,32.0,30.0,7.4,31.0,7.0,10.0,31.0,35,14,24.5
2018-02-04,0.4,5.0,13.0,12.0,0.035,32.0,11.0,10.0,3.9,16.0,2.0,3.0,32.0,38,19,28.5
2018-02-05,0.2,2.0,12.0,11.0,0.036,33.0,9.0,8.0,2.9,12.0,0.0,0.0,33.0,22,12,17.0
2018-02-06,0.4,5.0,40.0,38.0,0.031,29.0,16.0,15.0,12.9,53.0,0.0,0.0,53.0,26,20,23.0
2018-02-07,0.4,5.0,29.0,27.0,0.035,32.0,14.0,13.0,15.6,58.0,0.0,0.0,58.0,23,18,20.5
2018-02-08,0.3,3.0,31.0,29.0,0.035,32.0,16.0,15.0,18.2,64.0,0.0,0.0,64.0,21,11,16.0
2018-02-09,0.4,5.0,45.0,42.0,0.024,22.0,29.0,27.0,23.6,75.0,5.0,7.0,75.0,42,13,27.5
2018-02-10,0.4,5.0,25.0,24.0,0.029,27.0,16.0,15.0,28.4,85.0,0.0,0.0,85.0,34,26,30.0
2018-02-11,0.4,5.0,25.0,24.0,0.035,32.0,13.0,12.0,18.0,63.0,0.0,0.0,63.0,41,27,34.0
2018-02-12,0.3,3.0,23.0,22.0,0.041,38.0,17.0,16.0,10.4,43.0,0.0,0.0,43.0,29,18,23.5
2018-02-13,0.6,7.0,49.0,46.0,0.029,27.0,34.0,31.0,12.1,51.0,2.0,3.0,51.0,38,16,27.0
2018-02-14,0.5,6.0,24.0,23.0,0.022,20.0,18.0,17.0,17.1,62.0,0.0,0.0,62.0,48,35,41.5
2018-02-15,0.5,6.0,21.0,20.0,0.017,16.0,11.0,10.0,5.1,21.0,0.0,0.0,21.0,61,48,54.5
2018-02-16,0.3,3.0,15.0,14.0,0.031,29.0,16.0,15.0,10.2,43.0,0.0,0.0,43.0,48,30,39.0
2018-02-17,0.3,3.0,12.0,11.0,0.03,28.0,14.0,13.0,10.3,43.0,2.0,3.0,43.0,34,29,31.5
2018-02-18,0.3,3.0,27.0,25.0,0.031,29.0,16.0,15.0,13.4,54.0,0.0,0.0,54.0,44,32,38.0
2018-02-19,0.4,5.0,25.0,24.0,0.022,20.0,19.0,18.0,8.3,35.0,1.0,1.0,35.0,65,35,50.0
2018-02-20,0.3,3.0,10.0,9.0,0.028,26.0,19.0,18.0,4.1,17.0,1.0,1.0,26.0,73,63,68.0
2018-02-21,0.2,2.0,13.0,12.0,0.029,27.0,7.0,6.0,1.7,7.0,0.0,0.0,27.0,69,33,51.0
2018-02-22,0.3,3.0,18.0,17.0,0.021,19.0,8.0,7.0,5.1,21.0,0.0,0.0,21.0,42,32,37.0
2018-02-23,0.3,3.0,22.0,21.0,0.014,13.0,9.0,8.0,8.1,34.0,0.0,0.0,34.0,62,37,49.5
2018-02-24,0.3,3.0,19.0,18.0,0.022,20.0,8.0,7.0,7.7,32.0,0.0,0.0,32.0,48,37,42.5
2018-02-27,0.5,6.0,43.0,41.0,0.042,39.0,47.0,44.0,7.0,29.0,4.0,6.0,44.0,59,36,47.5
2018-02-28,0.4,5.0,43.0,41.0,0.033,31.0,37.0,34.0,6.8,28.0,3.0,4.0,41.0,57,40,48.5
2018-03-02,0.2,2.0,7.0,7.0,0.037,34.0,9.0,8.0,2.1,9.0,0.0,0.0,34.0,36,30,33.0
2018-03-07,0.3,3.0,21.0,20.0,0.036,33.0,10.0,9.0,3.6,15.0,0.0,0.0,33.0,39,29,34.0
2018-03-12,0.4,5.0,47.0,44.0,0.039,36.0,19.0,18.0,2.8,12.0,0.0,0.0,44.0,35,21,28.0
2018-03-18,0.6,7.0,47.0,44.0,0.042,39.0,19.0,18.0,5.9,25.0,6.0,9.0,44.0,56,21,38.5
2018-03-19,0.3,3.0,28.0,26.0,0.039,36.0,21.0,19.0,1.9,8.0,0.0,0.0,36.0,42,30,36.0
2018-03-20,0.3,3.0,18.0,17.0,0.038,35.0,22.0,20.0,1.1,5.0,0.0,0.0,35.0,41,29,35.0
2018-03-23,0.6,7.0,50.0,47.0,0.036,33.0,18.0,17.0,3.6,15.0,1.0,1.0,47.0,40,24,32.0
2018-03-24,0.3,3.0,26.0,25.0,0.041,38.0,10.0,9.0,2.0,8.0,0.0,0.0,38.0,40,24,32.0
2018-03-26,0.2,2.0,15.0,14.0,0.045,42.0,43.0,40.0,5.3,22.0,1.0,1.0,42.0,57,32,44.5
2018-03-27,0.4,5.0,74.0,72.0,0.023,21.0,23.0,21.0,4.5,19.0,0.0,0.0,72.0,53,40,46.5
2018-03-28,0.4,5.0,30.0,28.0,0.022,20.0,18.0,17.0,7.7,32.0,0.0,0.0,32.0,53,40,46.5
2018-03-29,0.8,9.0,30.0,28.0,0.034,31.0,17.0,16.0,12.3,51.0,0.0,0.0,51.0,51,38,44.5
2018-03-30,0.3,3.0,30.0,28.0,0.037,34.0,12.0,11.0,0.9,4.0,0.0,0.0,34.0,39,27,33.0
2018-03-31,0.4,5.0,29.0,27.0,0.043,40.0,18.0,17.0,7.0,29.0,3.0,4.0,40.0,54,26,40.0
2018-04-02,0.3,3.0,33.0,31.0,0.039,36.0,22.0,20.0,5.8,24.0,1.0,1.0,36.0,44,29,36.5
2018-04-03,0.4,5.0,28.0,26.0,0.034,31.0,16.0,15.0,8.4,35.0,0.0,0.0,35.0,61,39,50.0
2018-04-05,0.3,3.0,30.0,28.0,0.038,35.0,16.0,15.0,6.2,26.0,1.0,1.0,35.0,43,28,35.5
2018-04-06,0.3,3.0,28.0,26.0,0.045,42.0,16.0,15.0,7.6,32.0,1.0,1.0,42.0,47,31,39.0
2018-04-07,0.2,2.0,10.0,9.0,0.043,40.0,10.0,9.0,2.6,11.0,1.0,1.0,40.0,38,27,32.5
2018-04-08,0.2,2.0,16.0,15.0,0.045,42.0,10.0,9.0,2.9,12.0,1.0,1.0,42.0,37,29,33.0
2018-04-09,0.2,2.0,27.0,25.0,0.04,37.0,18.0,17.0,5.0,21.0,0.0,0.0,37.0,36,25,30.5
2018-04-10,0.7,8.0,42.0,40.0,0.045,42.0,35.0,32.0,18.1,64.0,3.0,4.0,64.0,45,24,34.5
2018-04-11,0.5,6.0,41.0,39.0,0.035,32.0,25.0,23.0,14.3,56.0,0.0,0.0,56.0,59,33,46.0
2018-04-12,0.5,6.0,31.0,29.0,0.05,46.0,37.0,34.0,10.8,45.0,1.0,1.0,46.0,78,45,61.5
2018-04-14,0.4,5.0,13.0,12.0,0.032,30.0,10.0,9.0,7.3,30.0,0.0,0.0,30.0,51,36,43.5
2018-04-15,0.5,6.0,31.0,29.0,0.021,19.0,6.0,6.0,2.1,9.0,0.0,0.0,29.0,61,36,48.5
2018-04-16,0.4,5.0,9.0,8.0,0.033,31.0,7.0,6.0,3.5,15.0,0.0,0.0,31.0,44,33,38.5
2018-04-18,0.2,2.0,20.0,19.0,0.036,33.0,13.0,12.0,3.6,15.0,1.0,1.0,33.0,46,33,39.5
2018-04-19,0.2,2.0,14.0,13.0,0.046,43.0,12.0,11.0,2.2,9.0,0.0,0.0,43.0,47,32,39.5
2018-04-20,0.3,3.0,26.0,25.0,0.043,40.0,14.0,13.0,3.0,13.0,3.0,4.0,40.0,50,28,39.0
2018-04-21,0.6,7.0,36.0,34.0,0.047,44.0,41.0,38.0,12.3,51.0,7.0,10.0,51.0,52,28,40.0
2018-04-22,0.5,6.0,43.0,41.0,0.049,45.0,16.0,15.0,6.7,28.0,0.0,0.0,45.0,58,35,46.5
2018-04-24,0.2,2.0,12.0,11.0,0.04,37.0,16.0,15.0,3.6,15.0,0.0,0.0,37.0,59,53,56.0
2018-04-25,0.3,3.0,34.0,32.0,0.033,31.0,10.0,9.0,6.5,27.0,0.0,0.0,32.0,53,38,45.5
2018-04-26,0.3,3.0,31.0,29.0,0.035,32.0,18.0,17.0,3.7,15.0,0.0,0.0,32.0,57,34,45.5
2018-04-27,0.5,6.0,38.0,36.0,0.048,44.0,48.0,44.0,11.9,50.0,5.0,7.0,50.0,69,41,55.0
2018-04-28,0.3,3.0,6.0,6.0,0.037,34.0,12.0,11.0,7.2,30.0,0.0,0.0,34.0,44,35,39.5
2018-04-30,0.4,5.0,54.0,51.0,0.05,46.0,45.0,42.0,10.0,42.0,25.0,36.0,51.0,69,34,51.5
2018-05-01,0.9,10.0,48.0,45.0,0.056,54.0,65.0,56.0,12.1,51.0,30.0,43.0,56.0,82,53,67.5
2018-05-05,0.6,7.0,28.0,26.0,0.049,45.0,30.0,28.0,8.1,34.0,13.0,19.0,45.0,75,49,62.0
2018-05-06,0.4,5.0,15.0,14.0,0.052,48.0,23.0,21.0,7.2,30.0,7.0,10.0,48.0,76,53,64.5
2018-05-07,0.3,3.0,24.0,23.0,0.034,31.0,14.0,13.0,4.1,17.0,0.0,0.0,31.0,62,47,54.5
2018-05-08,0.4,5.0,40.0,38.0,0.038,35.0,26.0,24.0,4.1,17.0,0.0,0.0,38.0,71,43,57.0
2018-05-09,0.4,5.0,40.0,38.0,0.05,46.0,91.0,69.0,12.3,51.0,9.0,13.0,69.0,83,52,67.5
2018-05-10,0.2,2.0,12.0,11.0,0.047,44.0,20.0,19.0,5.2,22.0,0.0,0.0,44.0,75,53,64.0
2018-05-11,0.3,3.0,15.0,14.0,0.035,32.0,12.0,11.0,0.9,4.0,0.0,0.0,32.0,57,46,51.5
2018-05-14,0.7,8.0,33.0,31.0,0.032,30.0,41.0,38.0,14.8,57.0,20.0,29.0,57.0,78,52,65.0
2018-05-15,0.4,5.0,21.0,20.0,0.042,39.0,22.0,20.0,4.2,18.0,4.0,6.0,39.0,77,58,67.5
2018-05-16,0.4,5.0,38.0,36.0,0.04,37.0,24.0,22.0,5.8,24.0,0.0,0.0,37.0,72,55,63.5
2018-05-17,0.4,5.0,28.0,26.0,0.058,61.0,29.0,27.0,12.3,51.0,2.0,3.0,61.0,76,54,65.0
2018-05-18,0.4,5.0,25.0,24.0,0.041,38.0,33.0,31.0,7.0,29.0,1.0,1.0,38.0,77,56,66.5
2018-05-21,0.3,3.0,21.0,20.0,0.029,27.0,22.0,20.0,5.8,24.0,1.0,1.0,27.0,71,52,61.5
2018-05-23,0.3,3.0,44.0,42.0,0.046,43.0,18.0,17.0,2.8,12.0,1.0,1.0,43.0,76,54,65.0
2018-05-24,1.0,11.0,57.0,54.0,0.054,50.0,47.0,44.0,15.4,58.0,58.0,79.0,79.0,80,52,66.0
2018-05-25,0.6,7.0,51.0,48.0,0.06,67.0,68.0,57.0,17.4,62.0,40.0,56.0,67.0,85,54,69.5
2018-05-26,0.6,7.0,42.0,40.0,0.054,50.0,51.0,47.0,16.3,60.0,18.0,26.0,60.0,83,62,72.5
2018-05-27,0.4,5.0,19.0,18.0,0.056,54.0,31.0,29.0,8.0,33.0,38.0,54.0,54.0,87,66,76.5
2018-05-28,0.5,6.0,29.0,27.0,0.064,80.0,35.0,32.0,10.4,43.0,10.0,14.0,80.0,93,70,81.5
2018-05-29,0.7,8.0,38.0,36.0,0.054,50.0,62.0,54.0,14.8,57.0,12.0,17.0,57.0,91,68,79.5
2018-05-30,0.2,2.0,16.0,15.0,0.029,27.0,53.0,49.0,7.4,31.0,2.0,3.0,49.0,86,73,79.5
2018-06-01,0.4,5.0,21.0,20.0,0.049,45.0,22.0,20.0,7.0,29.0,1.0,1.0,45.0,80,63,71.5
2018-06-03,0.4,5.0,20.0,19.0,0.039,36.0,24.0,22.0,11.1,46.0,4.0,6.0,46.0,81,56,68.5
2018-06-05,0.2,2.0,19.0,18.0,0.034,31.0,15.0,14.0,2.6,11.0,0.0,0.0,31.0,68,54,61.0
2018-06-07,0.4,5.0,27.0,25.0,0.051,47.0,64.0,55.0,11.1,46.0,18.0,26.0,55.0,80,54,67.0
2018-06-08,0.4,5.0,33.0,31.0,0.054,50.0,51.0,47.0,11.7,49.0,12.0,17.0,50.0,83,62,72.5
2018-06-09,0.3,3.0,25.0,24.0,0.045,42.0,32.0,30.0,9.8,41.0,5.0,7.0,42.0,79,66,72.5
2018-06-10,0.3,3.0,7.0,7.0,0.022,20.0,11.0,10.0,5.3,22.0,0.0,0.0,22.0,73,65,69.0
2018-06-12,0.3,3.0,14.0,13.0,0.032,30.0,40.0,37.0,5.0,21.0,2.0,3.0,37.0,78,60,69.0
2018-06-15,0.5,6.0,41.0,39.0,0.037,34.0,42.0,39.0,7.8,33.0,13.0,19.0,39.0,79,57,68.0
2018-06-16,0.5,6.0,32.0,30.0,0.065,84.0,39.0,36.0,11.2,47.0,7.0,10.0,84.0,86,65,75.5
2018-06-17,0.7,8.0,31.0,29.0,0.056,54.0,47.0,44.0,16.9,61.0,19.0,27.0,61.0,94,65,79.5
2018-06-18,0.3,3.0,16.0,15.0,0.053,49.0,40.0,37.0,10.8,45.0,1.0,1.0,49.0,94,75,84.5
2018-06-29,0.6,7.0,31.0,29.0,0.059,64.0,49.0,45.0,14.3,56.0,10.0,14.0,64.0,90,65,77.5
2018-07-09,0.4,5.0,30.0,28.0,0.053,49.0,39.0,36.0,7.9,33.0,14.0,20.0,49.0,89,61,75.0
2018-07-10,0.3,3.0,25.0,24.0,0.055,51.0,26.0,24.0,6.7,28.0,1.0,1.0,51.0,87,68,77.5
2018-07-11,0.3,3.0,14.0,13.0,0.029,27.0,17.0,16.0,3.4,14.0,1.0,1.0,27.0,80,66,73.0
2018-07-13,0.6,7.0,41.0,39.0,0.055,51.0,60.0,53.0,15.5,58.0,8.0,11.0,58.0,88,61,74.5
2018-07-14,0.5,6.0,41.0,39.0,0.063,77.0,50.0,46.0,21.7,71.0,6.0,9.0,77.0,92,68,80.0
2018-07-15,0.4,5.0,18.0,17.0,0.069,97.0,36.0,33.0,13.8,55.0,10.0,14.0,97.0,91,76,83.5
2018-07-16,0.5,6.0,35.0,33.0,0.048,44.0,50.0,46.0,14.5,56.0,5.0,7.0,56.0,91,73,82.0
2018-07-19,0.4,5.0,34.0,32.0,0.042,39.0,49.0,45.0,7.4,31.0,11.0,16.0,45.0,85,58,71.5
2018-07-20,0.3,3.0,26.0,25.0,0.041,38.0,58.0,52.0,10.3,43.0,5.0,7.0,52.0,84,68,76.0
2018-07-21,0.2,2.0,8.0,8.0,0.048,44.0,16.0,15.0,3.0,13.0,3.0,4.0,44.0,81,67,74.0
2018-07-23,0.2,2.0,17.0,16.0,0.039,36.0,25.0,23.0,6.1,25.0,1.0,1.0,36.0,84,68,76.0
2018-07-25,0.4,5.0,31.0,29.0,0.034,31.0,28.0,26.0,9.3,39.0,1.0,1.0,39.0,83,70,76.5
2018-07-26,0.4,5.0,28.0,26.0,0.044,41.0,31.0,29.0,7.6,32.0,2.0,3.0,41.0,86,66,76.0
2018-08-09,0.3,3.0,16.0,15.0,0.046,43.0,20.0,19.0,6.4,27.0,1.0,1.0,43.0,85,68,76.5
2018-08-10,0.3,3.0,18.0,17.0,0.033,31.0,21.0,19.0,5.4,23.0,0.0,0.0,31.0,83,70,76.5
2018-08-12,0.3,3.0,25.0,24.0,0.04,37.0,18.0,17.0,2.5,10.0,13.0,19.0,37.0,81,64,72.5
2018-08-13,0.5,6.0,32.0,30.0,0.041,38.0,30.0,28.0,6.5,27.0,1.0,1.0,38.0,82,64,73.0
2018-08-14,0.4,5.0,26.0,25.0,0.052,48.0,34.0,31.0,11.7,49.0,3.0,4.0,49.0,86,67,76.5
2018-08-15,0.4,5.0,29.0,27.0,0.052,48.0,37.0,34.0,14.4,56.0,2.0,3.0,56.0,87,68,77.5
2018-08-16,0.5,6.0,22.0,21.0,0.026,24.0,53.0,49.0,12.9,53.0,3.0,4.0,53.0,83,73,78.0
2018-08-17,0.4,5.0,12.0,11.0,0.032,30.0,21.0,19.0,6.1,25.0,1.0,1.0,30.0,80,70,75.0
2018-08-19,0.3,3.0,8.0,8.0,0.028,26.0,14.0,13.0,3.5,15.0,0.0,0.0,26.0,79,64,71.5
2018-08-20,0.3,3.0,21.0,20.0,0.037,34.0,44.0,41.0,11.7,49.0,2.0,3.0,49.0,85,61,73.0
2018-08-22,0.3,3.0,8.0,8.0,0.028,26.0,14.0,13.0,4.9,20.0,1.0,1.0,26.0,73,58,65.5
2018-08-23,0.3,3.0,25.0,24.0,0.036,33.0,22.0,20.0,5.0,21.0,1.0,1.0,33.0,80,56,68.0
2018-08-24,0.5,6.0,30.0,28.0,0.038,35.0,74.0,60.0,15.2,58.0,20.0,29.0,60.0,82,58,70.0
2018-08-25,0.4,5.0,17.0,16.0,0.035,32.0,38.0,35.0,10.0,42.0,18.0,26.0,42.0,81,71,76.0
2018-08-26,0.4,5.0,28.0,26.0,0.039,36.0,40.0,37.0,18.9,65.0,1.0,1.0,65.0,87,71,79.0
2018-08-27,0.5,6.0,22.0,21.0,0.036,33.0,36.0,33.0,15.2,58.0,1.0,1.0,58.0,91,75,83.0
2018-08-28,0.4,5.0,20.0,19.0,0.038,35.0,29.0,27.0,10.4,43.0,7.0,10.0,43.0,92,75,83.5
2018-08-29,0.3,3.0,22.0,21.0,0.032,30.0,27.0,25.0,7.1,30.0,1.0,1.0,30.0,92,70,81.0
2018-09-06,0.3,3.0,17.0,16.0,0.029,27.0,13.0,12.0,7.8,33.0,1.0,1.0,33.0,81,73,77.0
2018-09-07,0.3,3.0,24.0,23.0,0.029,27.0,17.0,16.0,6.9,29.0,1.0,1.0,29.0,80,70,75.0
2018-09-08,0.2,2.0,7.0,7.0,0.018,17.0,13.0,12.0,4.8,20.0,1.0,1.0,20.0,70,60,65.0
2018-09-09,0.2,2.0,4.0,4.0,0.023,21.0,3.0,3.0,2.4,10.0,1.0,1.0,21.0,63,57,60.0
2018-09-10,0.3,3.0,13.0,12.0,0.016,15.0,8.0,7.0,5.1,21.0,1.0,1.0,21.0,69,58,63.5
2018-09-11,0.2,2.0,24.0,23.0,0.021,19.0,12.0,11.0,7.9,33.0,1.0,1.0,33.0,69,62,65.5
2018-09-12,0.3,3.0,19.0,18.0,0.028,26.0,18.0,17.0,9.7,40.0,1.0,1.0,40.0,76,65,70.5
2018-09-13,0.5,6.0,30.0,28.0,0.02,19.0,50.0,46.0,19.8,67.0,4.0,6.0,67.0,82,62,72.0
2018-09-14,0.6,7.0,26.0,25.0,0.035,32.0,36.0,33.0,15.6,58.0,5.0,7.0,58.0,84,69,76.5
2018-09-15,0.4,5.0,15.0,14.0,0.026,24.0,21.0,19.0,10.5,44.0,2.0,3.0,44.0,86,69,77.5
2018-09-16,0.4,5.0,13.0,12.0,0.028,26.0,19.0,18.0,11.0,46.0,3.0,4.0,46.0,86,68,77.0
2018-09-17,0.3,3.0,20.0,19.0,0.019,18.0,26.0,24.0,9.0,38.0,2.0,3.0,38.0,78,68,73.0
2018-09-18,0.3,3.0,23.0,22.0,0.041,38.0,27.0,25.0,13.5,54.0,10.0,14.0,54.0,86,66,76.0
2018-09-20,0.5,6.0,24.0,23.0,0.039,36.0,53.0,49.0,23.2,74.0,3.0,4.0,74.0,87,60,73.5
2018-09-21,0.3,3.0,25.0,24.0,0.043,40.0,41.0,38.0,11.7,49.0,2.0,3.0,49.0,91,67,79.0
2018-09-22,0.2,2.0,8.0,8.0,0.023,21.0,5.0,5.0,3.6,15.0,1.0,1.0,21.0,67,54,60.5
2018-09-23,0.4,5.0,20.0,19.0,0.026,24.0,13.0,12.0,11.2,47.0,1.0,1.0,47.0,71,49,60.0
2018-09-24,0.4,5.0,11.0,10.0,0.015,14.0,25.0,23.0,10.0,42.0,1.0,1.0,42.0,72,57,64.5
2018-09-25,0.5,6.0,17.0,16.0,0.018,17.0,24.0,22.0,14.4,56.0,2.0,3.0,56.0,76,66,71.0
2018-09-26,0.2,2.0,14.0,13.0,0.033,31.0,8.0,7.0,6.2,26.0,1.0,1.0,31.0,75,54,64.5
2018-09-27,0.6,7.0,28.0,26.0,0.026,24.0,47.0,44.0,15.1,57.0,2.0,3.0,57.0,67,51,59.0
2018-09-29,0.3,3.0,30.0,28.0,0.032,30.0,10.0,9.0,5.1,21.0,2.0,3.0,30.0,63,49,56.0
2018-09-30,0.4,5.0,41.0,39.0,0.034,31.0,25.0,23.0,11.5,48.0,8.0,11.0,48.0,77,50,63.5
2018-10-01,0.5,6.0,31.0,29.0,0.033,31.0,56.0,51.0,14.1,55.0,5.0,7.0,55.0,81,58,69.5
2018-10-03,0.4,5.0,24.0,23.0,0.027,25.0,40.0,37.0,11.7,49.0,4.0,6.0,49.0,83,57,70.0
2018-10-04,0.3,3.0,11.0,10.0,0.027,25.0,15.0,14.0,3.9,16.0,1.0,1.0,25.0,77,54,65.5
2018-10-05,0.5,6.0,22.0,21.0,0.011,10.0,26.0,24.0,13.3,54.0,1.0,1.0,54.0,64,50,57.0
2018-10-06,0.6,7.0,16.0,15.0,0.029,27.0,23.0,21.0,14.3,56.0,1.0,1.0,56.0,85,64,74.5
2018-10-07,0.3,3.0,9.0,8.0,0.013,12.0,12.0,11.0,11.3,47.0,1.0,1.0,47.0,70,66,68.0
2018-10-08,0.4,5.0,22.0,21.0,0.03,28.0,39.0,36.0,12.1,51.0,3.0,4.0,51.0,89,67,78.0
2018-10-10,0.4,5.0,22.0,21.0,0.027,25.0,48.0,44.0,5.9,25.0,5.0,7.0,44.0,84,68,76.0
2018-10-11,0.4,5.0,7.0,7.0,0.025,23.0,13.0,12.0,2.1,9.0,1.0,1.0,23.0,73,52,62.5
2018-10-12,0.1,1.0,15.0,14.0,0.028,26.0,7.0,6.0,5.4,23.0,1.0,1.0,26.0,54,44,49.0
2018-10-13,0.5,6.0,18.0,17.0,0.026,24.0,12.0,11.0,9.0,38.0,3.0,4.0,38.0,52,41,46.5
2018-10-14,0.5,6.0,35.0,33.0,0.027,25.0,14.0,13.0,8.8,37.0,13.0,19.0,37.0,61,41,51.0
2018-10-15,0.2,2.0,19.0,18.0,0.027,25.0,12.0,11.0,5.6,23.0,2.0,3.0,25.0,57,44,50.5
2018-10-16,0.2,2.0,25.0,24.0,0.028,26.0,14.0,13.0,7.4,31.0,1.0,1.0,31.0,56,36,46.0
2018-10-19,0.4,5.0,32.0,30.0,0.034,31.0,36.0,33.0,9.6,40.0,10.0,14.0,40.0,60,40,50.0
2018-10-20,0.2,2.0,8.0,8.0,0.033,31.0,13.0,12.0,6.5,27.0,0.0,0.0,31.0,60,41,50.5
2018-10-21,0.3,3.0,23.0,22.0,0.029,27.0,7.0,6.0,6.6,28.0,5.0,7.0,28.0,44,32,38.0
2018-10-22,0.7,8.0,33.0,31.0,0.022,20.0,28.0,26.0,13.3,54.0,3.0,4.0,54.0,57,36,46.5
2018-10-23,0.7,8.0,20.0,19.0,0.025,23.0,17.0,16.0,8.2,34.0,0.0,0.0,34.0,55,43,49.0
2018-10-24,0.2,2.0,12.0,11.0,0.025,23.0,7.0,6.0,5.5,23.0,0.0,0.0,23.0,49,41,45.0
2018-10-25,0.5,6.0,26.0,25.0,0.017,16.0,24.0,22.0,11.5,48.0,20.0,29.0,48.0,50,33,41.5
2018-10-26,0.3,3.0,21.0,20.0,0.015,14.0,13.0,12.0,9.0,38.0,1.0,1.0,38.0,52,42,47.0
2018-10-27,0.3,3.0,17.0,16.0,0.021,19.0,4.0,4.0,3.8,16.0,0.0,0.0,19.0,48,44,46.0
2018-10-28,0.4,5.0,13.0,12.0,0.026,24.0,6.0,6.0,6.7,28.0,1.0,1.0,28.0,50,41,45.5
2018-10-29,0.3,3.0,25.0,24.0,0.022,20.0,8.0,7.0,4.8,20.0,0.0,0.0,24.0,51,39,45.0
2018-10-30,0.6,7.0,24.0,23.0,0.031,29.0,38.0,35.0,17.8,63.0,8.0,11.0,63.0,59,36,47.5
2018-10-31,0.3,3.0,13.0,12.0,0.023,21.0,15.0,14.0,9.6,40.0,0.0,0.0,40.0,62,52,57.0
2018-11-01,0.3,3.0,22.0,21.0,0.023,21.0,5.0,5.0,5.7,24.0,0.0,0.0,24.0,52,46,49.0
2018-11-02,0.2,2.0,16.0,15.0,0.026,24.0,5.0,5.0,3.6,15.0,0.0,0.0,24.0,50,44,47.0
2018-11-03,0.4,5.0,24.0,23.0,0.026,24.0,11.0,10.0,5.8,24.0,14.0,20.0,24.0,49,36,42.5
2018-11-04,0.5,6.0,19.0,18.0,0.027,25.0,16.0,15.0,12.3,51.0,2.0,3.0,51.0,58,35,46.5
2018-11-06,0.3,3.0,11.0,10.0,0.024,22.0,16.0,15.0,5.1,21.0,1.0,1.0,22.0,61,48,54.5
2018-11-07,0.2,2.0,11.0,10.0,0.014,13.0,12.0,11.0,7.0,29.0,0.0,0.0,29.0,49,39,44.0
2018-11-08,0.3,3.0,18.0,17.0,0.018,17.0,10.0,9.0,8.2,34.0,0.0,0.0,34.0,43,37,40.0
2018-11-09,0.3,3.0,17.0,16.0,0.025,23.0,7.0,6.0,8.0,33.0,1.0,1.0,33.0,40,34,37.0
2018-11-11,0.5,6.0,29.0,27.0,0.023,21.0,11.0,10.0,8.7,36.0,41.0,57.0,57.0,42,26,34.0
2018-11-12,0.7,8.0,36.0,34.0,0.002,2.0,59.0,53.0,25.6,79.0,41.0,57.0,79.0,41,25,33.0
2018-11-14,0.3,3.0,16.0,15.0,0.029,27.0,10.0,9.0,6.3,26.0,1.0,1.0,27.0,32,27,29.5
2018-11-15,0.4,5.0,24.0,23.0,0.014,13.0,10.0,9.0,7.3,30.0,2.0,3.0,30.0,36,29,32.5
2018-11-17,0.2,2.0,22.0,21.0,0.022,20.0,12.0,11.0,12.6,52.0,1.0,1.0,52.0,41,37,39.0
2018-11-18,0.4,5.0,22.0,21.0,0.014,13.0,11.0,10.0,14.4,56.0,2.0,3.0,56.0,39,35,37.0
2018-11-19,0.4,5.0,34.0,32.0,0.016,15.0,17.0,16.0,12.1,51.0,4.0,6.0,51.0,40,36,38.0
2018-11-20,0.2,2.0,25.0,24.0,0.024,22.0,10.0,9.0,9.8,41.0,1.0,1.0,41.0,37,29,33.0
2018-11-21,0.2,2.0,15.0,14.0,0.032,30.0,14.0,13.0,11.1,46.0,0.0,0.0,46.0,35,28,31.5
2018-11-22,0.2,2.0,9.0,8.0,0.031,29.0,6.0,6.0,3.8,16.0,0.0,0.0,29.0,28,26,27.0
2018-11-23,0.4,5.0,19.0,18.0,0.019,18.0,36.0,33.0,13.4,54.0,41.0,57.0,57.0,51,28,39.5
2018-11-24,0.4,5.0,13.0,12.0,0.023,21.0,13.0,12.0,9.9,41.0,2.0,3.0,41.0,50,41,45.5
2018-11-25,0.5,6.0,29.0,27.0,0.022,20.0,15.0,14.0,15.3,58.0,0.0,0.0,58.0,50,40,45.0
2018-11-26,0.5,6.0,19.0,18.0,0.024,22.0,7.0,6.0,9.2,38.0,1.0,1.0,38.0,49,32,40.5
2018-11-27,0.1,1.0,7.0,7.0,0.03,28.0,3.0,3.0,3.4,14.0,0.0,0.0,28.0,32,28,30.0
2018-11-28,0.2,2.0,15.0,14.0,0.022,20.0,9.0,8.0,8.0,33.0,0.0,0.0,33.0,29,26,27.5
2018-11-29,0.4,5.0,20.0,19.0,0.012,11.0,22.0,20.0,17.0,61.0,3.0,4.0,61.0,33,25,29.0
2018-11-30,0.4,5.0,26.0,25.0,0.01,9.0,22.0,20.0,28.6,86.0,1.0,1.0,86.0,38,33,35.5
2018-12-01,0.3,3.0,21.0,20.0,0.019,18.0,10.0,9.0,15.2,58.0,0.0,0.0,58.0,52,37,44.5
2018-12-02,0.3,3.0,14.0,13.0,0.032,30.0,15.0,14.0,7.7,32.0,8.0,11.0,32.0,64,44,54.0
2018-12-03,0.2,2.0,9.0,8.0,0.027,25.0,6.0,6.0,4.5,19.0,0.0,0.0,25.0,44,35,39.5
2018-12-04,0.2,2.0,17.0,16.0,0.026,24.0,12.0,11.0,6.2,26.0,0.0,0.0,26.0,35,30,32.5
2018-12-05,0.2,2.0,21.0,20.0,0.025,23.0,14.0,13.0,10.1,42.0,3.0,4.0,42.0,33,29,31.0
2018-12-06,0.2,2.0,16.0,15.0,0.023,21.0,13.0,12.0,11.6,48.0,0.0,0.0,48.0,35,28,31.5
2018-12-07,0.3,3.0,26.0,25.0,0.024,22.0,12.0,11.0,9.3,39.0,1.0,1.0,39.0,33,23,28.0
2018-12-08,0.3,3.0,35.0,33.0,0.03,28.0,15.0,14.0,11.6,48.0,5.0,7.0,48.0,29,18,23.5
2018-12-09,0.5,6.0,38.0,36.0,0.02,19.0,27.0,25.0,17.2,62.0,10.0,14.0,62.0,37,17,27.0
2018-12-11,0.3,3.0,17.0,16.0,0.025,23.0,22.0,20.0,30.2,89.0,0.0,0.0,89.0,37,21,29.0
2018-12-12,0.4,5.0,34.0,32.0,0.015,14.0,41.0,38.0,22.8,74.0,11.0,16.0,74.0,42,28,35.0
2018-12-13,0.6,7.0,37.0,35.0,0.013,12.0,33.0,31.0,21.9,72.0,1.0,1.0,72.0,45,35,40.0
2018-12-14,0.5,6.0,38.0,36.0,0.015,14.0,49.0,45.0,21.5,71.0,3.0,4.0,71.0,56,41,48.5
2018-12-15,0.5,6.0,30.0,28.0,0.017,16.0,20.0,19.0,27.0,82.0,0.0,0.0,82.0,44,40,42.0
2018-12-16,0.3,3.0,14.0,13.0,0.025,23.0,10.0,9.0,17.5,62.0,0.0,0.0,62.0,48,36,42.0
2018-12-17,0.3,3.0,19.0,18.0,0.029,27.0,13.0,12.0,13.9,55.0,0.0,0.0,55.0,39,33,36.0
2018-12-18,0.4,5.0,42.0,40.0,0.029,27.0,19.0,18.0,8.9,37.0,2.0,3.0,40.0,39,26,32.5
2018-12-19,0.5,6.0,34.0,32.0,0.012,11.0,58.0,52.0,22.9,74.0,16.0,23.0,74.0,46,27,36.5
2018-12-20,0.5,6.0,37.0,35.0,0.015,14.0,59.0,53.0,20.0,68.0,4.0,6.0,68.0,51,36,43.5
2018-12-21,0.4,5.0,16.0,15.0,0.028,26.0,5.0,5.0,10.1,42.0,0.0,0.0,42.0,41,38,39.5
2018-12-22,0.2,2.0,10.0,9.0,0.019,18.0,6.0,6.0,8.2,34.0,0.0,0.0,34.0,38,32,35.0
2018-12-23,0.4,5.0,14.0,13.0,0.017,16.0,13.0,12.0,16.5,60.0,2.0,3.0,60.0,40,30,35.0
2018-12-24,0.2,2.0,11.0,10.0,0.024,22.0,9.0,8.0,12.4,52.0,0.0,0.0,52.0,35,31,33.0
2018-12-25,0.3,3.0,19.0,18.0,0.021,19.0,10.0,9.0,12.9,53.0,15.0,21.0,53.0,35,29,32.0
2018-12-26,0.7,8.0,37.0,35.0,0.019,18.0,21.0,19.0,20.5,69.0,1.0,1.0,69.0,48,31,39.5
2018-12-27,0.8,9.0,34.0,32.0,0.028,26.0,34.0,31.0,22.0,72.0,2.0,3.0,72.0,52,32,42.0
2018-12-28,0.5,6.0,22.0,21.0,0.021,19.0,10.0,9.0,8.2,34.0,1.0,1.0,34.0,58,36,47.0
2018-12-29,0.2,2.0,13.0,12.0,0.023,21.0,5.0,5.0,8.2,34.0,0.0,0.0,34.0,36,33,34.5
2018-12-30,0.2,2.0,17.0,16.0,0.026,24.0,8.0,7.0,11.4,48.0,0.0,0.0,48.0,42,32,37.0
2019-01-01,0.2,2.0,10.0,9.0,0.024,22.0,6.0,6.0,9.4,39.0,0.0,0.0,39.0,56,34,45.0
2019-01-02,0.3,3.0,18.0,17.0,0.022,20.0,12.0,11.0,13.9,55.0,1.0,1.0,55.0,41,32,36.5
2019-01-03,0.2,2.0,12.0,11.0,0.021,19.0,10.0,9.0,11.5,48.0,0.0,0.0,48.0,36,31,33.5
2019-01-04,0.7,8.0,34.0,32.0,0.017,16.0,35.0,32.0,19.0,66.0,5.0,7.0,66.0,51,32,41.5
2019-01-05,1.0,11.0,28.0,26.0,0.022,20.0,19.0,18.0,27.2,83.0,3.0,4.0,83.0,48,28,38.0
2019-01-06,0.2,2.0,8.0,8.0,0.034,31.0,7.0,6.0,10.2,43.0,2.0,3.0,43.0,44,34,39.0
2019-01-07,0.3,3.0,14.0,13.0,0.029,27.0,22.0,20.0,8.7,36.0,3.0,4.0,36.0,57,33,45.0
2019-01-08,0.2,2.0,13.0,12.0,0.028,26.0,11.0,10.0,9.5,40.0,0.0,0.0,40.0,57,39,48.0
2019-01-09,0.1,1.0,7.0,7.0,0.031,29.0,10.0,9.0,7.0,29.0,0.0,0.0,29.0,40,24,32.0
2019-01-10,0.2,2.0,10.0,9.0,0.035,32.0,17.0,16.0,4.9,20.0,0.0,0.0,32.0,26,24,25.0
2019-01-11,0.3,3.0,28.0,26.0,0.03,28.0,35.0,32.0,8.5,35.0,1.0,1.0,35.0,31,25,28.0
2019-01-12,0.3,3.0,32.0,30.0,0.031,29.0,19.0,18.0,13.0,53.0,0.0,0.0,53.0,32,25,28.5
2019-01-13,0.2,2.0,14.0,13.0,0.03,28.0,10.0,9.0,8.6,36.0,0.0,0.0,36.0,33,25,29.0
2019-01-14,0.4,5.0,45.0,42.0,0.03,28.0,24.0,22.0,11.3,47.0,1.0,1.0,47.0,30,17,23.5
2019-01-16,0.2,2.0,15.0,14.0,0.029,27.0,19.0,18.0,11.9,50.0,0.0,0.0,50.0,34,25,29.5
2019-01-17,0.3,3.0,23.0,22.0,0.016,15.0,27.0,25.0,18.4,64.0,0.0,0.0,64.0,35,22,28.5
2019-01-18,0.3,3.0,17.0,16.0,0.025,23.0,14.0,13.0,24.8,78.0,0.0,0.0,78.0,35,30,32.5
2019-01-19,0.2,2.0,12.0,11.0,0.031,29.0,6.0,6.0,13.7,54.0,1.0,1.0,54.0,30,23,26.5
2019-01-20,0.2,2.0,4.0,4.0,0.037,34.0,7.0,6.0,8.5,35.0,0.0,0.0,35.0,23,10,16.5
2019-01-21,0.3,3.0,29.0,27.0,0.032,30.0,7.0,6.0,8.6,36.0,0.0,0.0,36.0,14,5,9.5
2019-01-23,0.5,6.0,15.0,14.0,0.029,27.0,14.0,13.0,12.1,51.0,9.0,13.0,51.0,48,37,42.5
2019-01-24,0.2,2.0,12.0,11.0,0.03,28.0,8.0,7.0,13.7,54.0,0.0,0.0,54.0,37,25,31.0
2019-01-25,0.2,2.0,10.0,9.0,0.032,30.0,21.0,19.0,14.4,56.0,0.0,0.0,56.0,25,12,18.5
2019-01-26,0.4,5.0,39.0,37.0,0.026,24.0,11.0,10.0,15.7,59.0,0.0,0.0,59.0,28,15,21.5
2019-01-27,0.4,5.0,21.0,20.0,0.033,31.0,14.0,13.0,16.4,60.0,0.0,0.0,60.0,33,6,19.5
2019-01-28,0.3,3.0,42.0,40.0,0.029,27.0,31.0,29.0,21.3,70.0,2.0,3.0,70.0,40,6,23.0
2019-01-29,0.3,3.0,12.0,11.0,0.035,32.0,17.0,16.0,12.6,52.0,0.0,0.0,52.0,34,8,21.0
2019-01-30,0.2,2.0,7.0,7.0,0.033,31.0,22.0,20.0,8.5,35.0,0.0,0.0,35.0,8,-3,2.5
2019-01-31,0.2,2.0,11.0,10.0,0.033,31.0,13.0,12.0,9.7,40.0,0.0,0.0,40.0,8,-2,3.0
2019-02-01,0.5,6.0,44.0,42.0,0.019,18.0,28.0,26.0,20.2,68.0,1.0,1.0,68.0,19,8,13.5
2019-02-02,0.5,6.0,33.0,31.0,0.033,31.0,22.0,20.0,28.7,86.0,2.0,3.0,86.0,43,12,27.5
2019-02-05,0.3,3.0,13.0,12.0,0.017,16.0,13.0,12.0,11.0,46.0,0.0,0.0,46.0,54,34,44.0
2019-02-07,0.5,6.0,25.0,24.0,0.024,22.0,19.0,18.0,12.5,52.0,0.0,0.0,52.0,61,34,47.5
2019-02-08,0.2,2.0,6.0,6.0,0.033,31.0,21.0,19.0,8.0,33.0,0.0,0.0,33.0,43,18,30.5
2019-02-09,0.2,2.0,32.0,30.0,0.033,31.0,13.0,12.0,8.6,36.0,0.0,0.0,36.0,25,17,21.0
2019-02-10,0.3,3.0,33.0,31.0,0.026,24.0,17.0,16.0,16.2,60.0,0.0,0.0,60.0,32,16,24.0
2019-02-11,0.6,7.0,30.0,28.0,0.014,13.0,19.0,18.0,23.9,76.0,0.0,0.0,76.0,34,30,32.0
2019-02-12,0.3,3.0,19.0,18.0,0.037,34.0,8.0,7.0,8.8,37.0,0.0,0.0,37.0,50,32,41.0
2019-02-13,0.2,2.0,9.0,8.0,0.035,32.0,13.0,12.0,10.1,42.0,0.0,0.0,42.0,33,24,28.5
2019-02-14,0.4,5.0,31.0,29.0,0.03,28.0,38.0,35.0,11.8,49.0,11.0,16.0,49.0,48,24,36.0
2019-02-15,0.3,3.0,10.0,9.0,0.034,31.0,15.0,14.0,14.2,55.0,0.0,0.0,55.0,47,25,36.0
2019-02-16,0.2,2.0,7.0,7.0,0.035,32.0,15.0,14.0,5.5,23.0,0.0,0.0,32.0,28,24,26.0
2019-02-17,0.3,3.0,15.0,14.0,0.033,31.0,11.0,10.0,6.6,28.0,0.0,0.0,31.0,33,25,29.0
2019-02-18,0.3,3.0,12.0,11.0,0.036,33.0,8.0,7.0,8.0,33.0,0.0,0.0,33.0,29,19,24.0
2019-02-19,0.4,5.0,44.0,42.0,0.034,31.0,32.0,30.0,15.0,57.0,1.0,1.0,57.0,34,10,22.0
2019-02-20,0.3,3.0,32.0,30.0,0.028,26.0,17.0,16.0,11.1,46.0,4.0,6.0,46.0,45,27,36.0
2019-02-21,0.3,3.0,13.0,12.0,0.037,34.0,16.0,15.0,12.1,51.0,0.0,0.0,51.0,43,35,39.0
2019-02-22,0.4,5.0,31.0,29.0,0.036,33.0,25.0,23.0,24.3,77.0,0.0,0.0,77.0,39,29,34.0
2019-02-23,0.4,5.0,36.0,34.0,0.029,27.0,25.0,23.0,18.7,65.0,1.0,1.0,65.0,47,31,39.0
2019-02-24,0.3,3.0,10.0,9.0,0.044,41.0,13.0,12.0,8.1,34.0,0.0,0.0,41.0,57,28,42.5
2019-02-25,0.2,2.0,11.0,10.0,0.036,33.0,29.0,27.0,8.0,33.0,0.0,0.0,33.0,30,21,25.5
2019-02-26,0.2,2.0,14.0,13.0,0.033,31.0,17.0,16.0,8.5,35.0,0.0,0.0,35.0,27,20,23.5
2019-02-28,0.3,3.0,28.0,26.0,0.037,34.0,28.0,26.0,16.3,60.0,0.0,0.0,60.0,30,18,24.0
2019-03-02,0.4,5.0,42.0,40.0,0.042,39.0,19.0,18.0,21.5,71.0,3.0,4.0,71.0,38,21,29.5
2019-03-03,0.2,2.0,15.0,14.0,0.042,39.0,10.0,9.0,8.8,37.0,0.0,0.0,39.0,32,22,27.0
2019-03-04,0.2,2.0,10.0,9.0,0.035,32.0,31.0,29.0,9.1,38.0,3.0,4.0,38.0,22,10,16.0
2019-03-05,0.2,2.0,12.0,11.0,0.034,31.0,17.0,16.0,12.8,52.0,0.0,0.0,52.0,19,8,13.5
2019-03-06,0.2,2.0,11.0,10.0,0.036,33.0,13.0,12.0,8.7,36.0,1.0,1.0,36.0,22,11,16.5
2019-03-07,0.3,3.0,42.0,40.0,0.045,42.0,29.0,27.0,11.2,47.0,1.0,1.0,47.0,28,20,24.0
2019-03-08,0.5,6.0,53.0,50.0,0.038,35.0,66.0,56.0,29.2,87.0,5.0,7.0,87.0,39,16,27.5
2019-03-09,1.5,17.0,60.0,57.0,0.04,37.0,44.0,41.0,26.0,80.0,3.0,4.0,80.0,49,20,34.5
2019-03-10,0.2,2.0,15.0,14.0,0.043,40.0,7.0,6.0,9.3,39.0,0.0,0.0,40.0,51,37,44.0
2019-03-11,0.2,2.0,13.0,12.0,0.046,43.0,14.0,13.0,10.5,44.0,1.0,1.0,44.0,41,32,36.5
2019-03-12,0.3,3.0,50.0,47.0,0.045,42.0,18.0,17.0,10.7,45.0,0.0,0.0,47.0,43,26,34.5
2019-03-13,0.4,5.0,40.0,38.0,0.035,32.0,54.0,50.0,13.5,54.0,5.0,7.0,54.0,60,30,45.0
2019-03-14,0.4,5.0,23.0,22.0,0.036,33.0,41.0,38.0,10.7,45.0,14.0,20.0,45.0,74,52,63.0
2019-03-15,0.2,2.0,8.0,8.0,0.035,32.0,7.0,6.0,5.1,21.0,0.0,0.0,32.0,52,36,44.0
2019-03-16,0.2,2.0,5.0,5.0,0.042,39.0,6.0,6.0,4.1,17.0,0.0,0.0,39.0,38,33,35.5
2019-03-17,0.2,2.0,12.0,11.0,0.038,35.0,8.0,7.0,3.6,15.0,2.0,3.0,35.0,40,28,34.0
2019-03-18,0.4,5.0,40.0,38.0,0.037,34.0,17.0,16.0,16.3,60.0,0.0,0.0,60.0,42,26,34.0
2019-03-19,0.5,6.0,48.0,45.0,0.042,39.0,38.0,35.0,21.0,70.0,1.0,1.0,70.0,47,26,36.5
2019-03-20,0.5,6.0,43.0,41.0,0.048,44.0,38.0,35.0,16.1,59.0,8.0,11.0,59.0,53,29,41.0
2019-03-21,0.3,3.0,35.0,33.0,0.037,34.0,14.0,13.0,16.1,59.0,1.0,1.0,59.0,47,38,42.5
2019-03-22,0.2,2.0,13.0,12.0,0.036,33.0,7.0,6.0,9.1,38.0,0.0,0.0,38.0,41,31,36.0
2019-03-23,0.6,7.0,33.0,31.0,0.039,36.0,13.0,12.0,7.3,30.0,7.0,10.0,36.0,46,29,37.5
2019-03-24,1.4,16.0,35.0,33.0,0.038,35.0,32.0,30.0,16.9,61.0,15.0,21.0,61.0,58,29,43.5
2019-03-25,0.2,2.0,11.0,10.0,0.04,37.0,14.0,13.0,6.8,28.0,1.0,1.0,37.0,46,31,38.5
2019-03-26,0.3,3.0,31.0,29.0,0.038,35.0,10.0,9.0,4.3,18.0,1.0,1.0,35.0,39,30,34.5
2019-03-27,0.6,7.0,49.0,46.0,0.029,27.0,53.0,49.0,16.0,59.0,26.0,37.0,59.0,54,22,38.0
2019-03-28,0.7,8.0,39.0,37.0,0.044,41.0,53.0,49.0,17.7,63.0,13.0,19.0,63.0,65,44,54.5
2019-03-29,0.4,5.0,39.0,37.0,0.022,20.0,21.0,19.0,17.2,62.0,0.0,0.0,62.0,56,40,48.0
2019-03-30,0.5,6.0,19.0,18.0,0.038,35.0,13.0,12.0,14.6,56.0,1.0,1.0,56.0,58,33,45.5
2019-03-31,0.2,2.0,4.0,4.0,0.04,37.0,7.0,6.0,3.9,16.0,0.0,0.0,37.0,34,27,30.5
2019-04-01,0.3,3.0,26.0,25.0,0.038,35.0,19.0,18.0,5.2,22.0,1.0,1.0,35.0,41,26,33.5
2019-04-02,0.4,5.0,37.0,35.0,0.038,35.0,40.0,37.0,11.2,47.0,3.0,4.0,47.0,51,32,41.5
2019-04-03,0.4,5.0,27.0,25.0,0.042,39.0,23.0,21.0,9.0,38.0,5.0,7.0,39.0,55,39,47.0
2019-04-04,0.9,10.0,41.0,39.0,0.033,31.0,34.0,31.0,8.5,35.0,3.0,4.0,39.0,48,38,43.0
2019-04-05,0.5,6.0,45.0,42.0,0.024,22.0,29.0,27.0,15.6,58.0,2.0,3.0,58.0,60,45,52.5
2019-04-06,0.7,8.0,36.0,34.0,0.048,44.0,33.0,31.0,26.2,81.0,3.0,4.0,81.0,67,49,58.0
2019-04-07,0.6,7.0,24.0,23.0,0.043,40.0,29.0,27.0,14.4,56.0,3.0,4.0,56.0,75,48,61.5
2019-04-08,0.5,6.0,38.0,36.0,0.038,35.0,20.0,19.0,10.3,43.0,0.0,0.0,43.0,71,56,63.5
2019-04-10,0.2,2.0,10.0,9.0,0.031,29.0,8.0,7.0,4.1,17.0,0.0,0.0,29.0,47,40,43.5
2019-04-11,0.4,5.0,29.0,27.0,0.034,31.0,23.0,21.0,5.7,24.0,2.0,3.0,31.0,65,40,52.5
2019-04-12,0.5,6.0,17.0,16.0,0.042,39.0,55.0,51.0,9.4,39.0,7.0,10.0,51.0,72,55,63.5
2019-04-13,0.2,2.0,15.0,14.0,0.041,38.0,17.0,16.0,4.8,20.0,1.0,1.0,38.0,66,47,56.5
2019-04-14,0.2,2.0,12.0,11.0,0.032,30.0,9.0,8.0,5.0,21.0,1.0,1.0,30.0,71,40,55.5
2019-04-15,0.2,2.0,21.0,20.0,0.044,41.0,10.0,9.0,4.6,19.0,0.0,0.0,41.0,52,35,43.5
2019-04-16,0.5,6.0,39.0,37.0,0.039,36.0,32.0,30.0,9.3,39.0,12.0,17.0,39.0,70,38,54.0
2019-04-17,0.5,6.0,42.0,40.0,0.032,30.0,33.0,31.0,14.1,55.0,8.0,11.0,55.0,68,45,56.5
2019-04-18,0.6,7.0,17.0,16.0,0.05,46.0,33.0,31.0,10.8,45.0,7.0,10.0,46.0,78,59,68.5
2019-04-19,0.2,2.0,12.0,11.0,0.031,29.0,3.0,3.0,3.5,15.0,0.0,0.0,29.0,59,41,50.0
2019-04-20,0.3,3.0,9.0,8.0,0.034,31.0,5.0,5.0,4.0,17.0,0.0,0.0,31.0,54,42,48.0
2019-04-21,0.4,5.0,26.0,25.0,0.033,31.0,13.0,12.0,7.5,31.0,2.0,3.0,31.0,57,44,50.5
2019-04-23,0.5,6.0,29.0,27.0,0.04,37.0,36.0,33.0,9.0,38.0,3.0,4.0,38.0,73,49,61.0
2019-04-24,0.3,3.0,27.0,25.0,0.036,33.0,13.0,12.0,6.0,25.0,0.0,0.0,33.0,55,40,47.5
2019-04-25,0.4,5.0,35.0,33.0,0.029,27.0,36.0,33.0,9.0,38.0,2.0,3.0,38.0,67,48,57.5
2019-04-26,0.3,3.0,10.0,9.0,0.046,43.0,10.0,9.0,8.6,36.0,0.0,0.0,43.0,62,49,55.5
2019-04-27,0.2,2.0,11.0,10.0,0.042,39.0,7.0,6.0,4.6,19.0,0.0,0.0,39.0,53,43,48.0
2019-04-28,0.2,2.0,12.0,11.0,0.043,40.0,7.0,6.0,5.1,21.0,0.0,0.0,40.0,52,41,46.5
2019-04-29,0.3,3.0,39.0,37.0,0.03,28.0,23.0,21.0,8.9,37.0,1.0,1.0,37.0,56,39,47.5
2019-04-30,0.3,3.0,19.0,18.0,0.026,24.0,12.0,11.0,9.7,40.0,0.0,0.0,40.0,53,43,48.0
2019-05-01,0.3,3.0,32.0,30.0,0.041,38.0,27.0,25.0,9.2,38.0,1.0,1.0,38.0,83,46,64.5
2019-05-02,0.4,5.0,30.0,28.0,0.03,28.0,16.0,15.0,9.4,39.0,0.0,0.0,39.0,70,51,60.5
2019-05-04,0.3,3.0,14.0,13.0,0.024,22.0,8.0,7.0,8.4,35.0,0.0,0.0,35.0,52,45,48.5
2019-05-05,0.4,5.0,34.0,32.0,0.033,31.0,14.0,13.0,9.5,40.0,0.0,0.0,40.0,62,48,55.0
2019-05-06,0.6,7.0,30.0,28.0,0.058,61.0,48.0,44.0,13.0,53.0,5.0,7.0,61.0,76,47,61.5
2019-05-07,0.3,3.0,11.0,10.0,0.032,30.0,12.0,11.0,6.5,27.0,0.0,0.0,30.0,65,47,56.0
2019-05-08,0.4,5.0,27.0,25.0,0.03,28.0,21.0,19.0,6.9,29.0,4.0,6.0,29.0,65,47,56.0
2019-05-09,0.4,5.0,19.0,18.0,0.038,35.0,62.0,54.0,11.5,48.0,5.0,7.0,54.0,78,63,70.5
2019-05-10,0.3,3.0,28.0,26.0,0.034,31.0,11.0,10.0,4.8,20.0,0.0,0.0,31.0,66,44,55.0
2019-05-12,0.2,2.0,13.0,12.0,0.027,25.0,7.0,6.0,4.9,20.0,0.0,0.0,25.0,54,46,50.0
2019-05-13,0.2,2.0,10.0,9.0,0.037,34.0,7.0,6.0,5.0,21.0,1.0,1.0,34.0,50,45,47.5
2019-05-14,0.3,3.0,29.0,27.0,0.049,45.0,15.0,14.0,7.0,29.0,0.0,0.0,45.0,64,44,54.0
2019-05-15,0.4,5.0,23.0,22.0,0.056,54.0,26.0,24.0,8.8,37.0,1.0,1.0,54.0,73,46,59.5
2019-05-21,0.3,3.0,21.0,20.0,0.026,24.0,10.0,9.0,4.1,17.0,0.0,0.0,24.0,60,45,52.5
2019-05-22,0.4,5.0,33.0,31.0,0.039,36.0,58.0,52.0,15.5,58.0,4.0,6.0,58.0,79,53,66.0
2019-05-23,0.5,6.0,21.0,20.0,0.051,47.0,26.0,24.0,10.3,43.0,1.0,1.0,47.0,84,65,74.5
2019-05-24,0.3,3.0,17.0,16.0,0.037,34.0,18.0,17.0,8.0,33.0,0.0,0.0,34.0,73,52,62.5
2019-05-25,0.4,5.0,13.0,12.0,0.046,43.0,39.0,36.0,15.3,58.0,0.0,0.0,58.0,92,63,77.5
2019-05-26,0.2,2.0,8.0,8.0,0.036,33.0,14.0,13.0,8.1,34.0,0.0,0.0,34.0,77,57,67.0
2019-05-27,0.3,3.0,18.0,17.0,0.034,31.0,10.0,9.0,7.4,31.0,0.0,0.0,31.0,71,52,61.5
2019-05-28,0.5,6.0,20.0,19.0,0.043,40.0,25.0,23.0,16.2,60.0,0.0,0.0,60.0,86,64,75.0
2019-06-01,0.4,5.0,11.0,10.0,0.05,46.0,22.0,20.0,11.8,49.0,1.0,1.0,49.0,84,62,73.0
2019-06-02,0.3,3.0,13.0,12.0,0.04,37.0,13.0,12.0,13.1,53.0,0.0,0.0,53.0,68,57,62.5
2019-06-04,0.3,3.0,27.0,25.0,0.052,48.0,47.0,44.0,13.2,53.0,2.0,3.0,53.0,75,50,62.5
2019-06-05,0.4,5.0,21.0,20.0,0.045,42.0,26.0,24.0,19.2,66.0,1.0,1.0,66.0,77,63,70.0
2019-06-06,0.2,2.0,16.0,15.0,0.035,32.0,15.0,14.0,15.8,59.0,0.0,0.0,59.0,70,58,64.0
2019-06-07,0.5,6.0,34.0,32.0,0.047,44.0,23.0,21.0,17.9,63.0,0.0,0.0,63.0,74,55,64.5
2019-06-08,0.2,2.0,21.0,20.0,0.045,42.0,17.0,16.0,8.5,35.0,0.0,0.0,42.0,83,64,73.5
2019-06-09,0.2,2.0,6.0,6.0,0.044,41.0,25.0,23.0,9.0,38.0,1.0,1.0,41.0,83,70,76.5
2019-06-10,0.3,3.0,17.0,16.0,0.029,27.0,18.0,17.0,7.9,33.0,0.0,0.0,33.0,75,56,65.5
2019-06-11,0.2,2.0,23.0,22.0,0.045,42.0,17.0,16.0,4.2,18.0,1.0,1.0,42.0,75,50,62.5
2019-06-12,0.3,3.0,26.0,25.0,0.051,47.0,48.0,44.0,13.6,54.0,4.0,6.0,54.0,77,55,66.0
2019-06-13,0.3,3.0,18.0,17.0,0.039,36.0,12.0,11.0,10.6,44.0,1.0,1.0,44.0,70,56,63.0
2019-06-14,0.2,2.0,16.0,15.0,0.042,39.0,12.0,11.0,5.9,25.0,3.0,4.0,39.0,74,50,62.0
2019-06-15,0.2,2.0,12.0,11.0,0.037,34.0,16.0,15.0,10.5,44.0,4.0,6.0,44.0,70,64,67.0
2019-06-16,0.2,2.0,13.0,12.0,0.026,24.0,8.0,7.0,8.7,36.0,0.0,0.0,36.0,74,60,67.0
2019-06-17,0.3,3.0,19.0,18.0,0.03,28.0,14.0,13.0,12.2,51.0,0.0,0.0,51.0,71,62,66.5
2019-06-18,0.3,3.0,29.0,27.0,0.042,39.0,17.0,16.0,11.2,47.0,0.0,0.0,47.0,76,63,69.5
2019-06-19,0.4,5.0,35.0,33.0,0.045,42.0,25.0,23.0,17.5,62.0,0.0,0.0,62.0,79,60,69.5
2019-06-20,0.3,3.0,23.0,22.0,0.034,31.0,13.0,12.0,13.9,55.0,0.0,0.0,55.0,71,61,66.0
2019-06-21,0.2,2.0,19.0,18.0,0.041,38.0,15.0,14.0,5.7,24.0,1.0,1.0,38.0,76,59,67.5
2019-06-22,0.3,3.0,20.0,19.0,0.028,26.0,12.0,11.0,5.9,25.0,0.0,0.0,26.0,75,55,65.0
2019-06-23,0.4,5.0,20.0,19.0,0.046,43.0,23.0,21.0,12.7,52.0,4.0,6.0,52.0,82,53,67.5
2019-06-24,0.3,3.0,14.0,13.0,0.04,37.0,34.0,31.0,9.4,39.0,2.0,3.0,39.0,85,70,77.5
2019-06-25,0.2,2.0,15.0,14.0,0.054,50.0,16.0,15.0,2.8,12.0,0.0,0.0,50.0,85,66,75.5
2019-06-26,0.2,2.0,41.0,39.0,0.062,74.0,36.0,33.0,7.6,32.0,2.0,3.0,74.0,89,70,79.5
2019-06-27,0.6,7.0,36.0,34.0,0.057,58.0,50.0,46.0,14.6,56.0,0.0,0.0,58.0,88,69,78.5
2019-06-28,0.4,5.0,30.0,28.0,0.066,87.0,44.0,41.0,18.9,65.0,2.0,3.0,87.0,90,68,79.0
2019-06-29,0.2,2.0,15.0,14.0,0.068,93.0,22.0,20.0,10.0,42.0,0.0,0.0,93.0,89,71,80.0
2019-06-30,0.4,5.0,16.0,15.0,0.036,33.0,12.0,11.0,7.3,30.0,0.0,0.0,33.0,80,66,73.0
2019-07-04,0.4,5.0,17.0,16.0,0.048,44.0,30.0,28.0,28.1,85.0,0.0,0.0,85.0,88,73,80.5
2019-07-05,0.5,6.0,21.0,20.0,0.045,42.0,36.0,33.0,17.8,63.0,4.0,6.0,63.0,92,74,83.0
2019-07-06,0.4,5.0,20.0,19.0,0.058,61.0,21.0,19.0,13.9,55.0,1.0,1.0,61.0,90,73,81.5
2019-07-07,0.3,3.0,6.0,6.0,0.031,29.0,15.0,14.0,9.9,41.0,0.0,0.0,41.0,82,72,77.0
2019-07-08,0.2,2.0,15.0,14.0,0.032,30.0,13.0,12.0,4.4,18.0,0.0,0.0,30.0,79,66,72.5
2019-07-09,0.3,3.0,19.0,18.0,0.044,41.0,20.0,19.0,7.1,30.0,1.0,1.0,41.0,83,58,70.5
2019-07-10,0.5,6.0,23.0,22.0,0.066,87.0,45.0,42.0,16.7,61.0,2.0,3.0,87.0,93,70,81.5
2019-07-11,0.4,5.0,22.0,21.0,0.058,61.0,26.0,24.0,9.8,41.0,1.0,1.0,61.0,89,71,80.0
2019-07-12,0.4,5.0,26.0,25.0,0.041,38.0,14.0,13.0,5.1,21.0,0.0,0.0,38.0,79,65,72.0
2019-07-13,0.5,6.0,22.0,21.0,0.067,90.0,41.0,38.0,14.8,57.0,4.0,6.0,90.0,92,63,77.5
2019-07-14,0.4,5.0,23.0,22.0,0.042,39.0,11.0,10.0,5.0,21.0,2.0,3.0,39.0,82,65,73.5
2019-07-15,0.4,5.0,24.0,23.0,0.065,84.0,47.0,44.0,13.4,54.0,4.0,6.0,84.0,92,61,76.5
2019-07-16,0.3,3.0,16.0,15.0,0.034,31.0,26.0,24.0,8.6,36.0,0.0,0.0,36.0,89,73,81.0
2019-07-17,0.3,3.0,13.0,12.0,0.037,34.0,14.0,13.0,4.4,18.0,0.0,0.0,34.0,84,72,78.0
2019-07-18,0.4,5.0,22.0,21.0,0.053,49.0,27.0,25.0,9.0,38.0,6.0,9.0,49.0,90,69,79.5
2019-07-21,0.2,2.0,9.0,8.0,0.045,42.0,10.0,9.0,4.2,18.0,1.0,1.0,42.0,88,70,79.0
2019-07-23,0.1,1.0,7.0,7.0,0.045,42.0,10.0,9.0,4.7,20.0,3.0,4.0,42.0,77,65,71.0
2019-07-24,0.2,2.0,21.0,20.0,0.039,36.0,13.0,12.0,6.1,25.0,1.0,1.0,36.0,76,62,69.0
2019-07-25,0.4,5.0,25.0,24.0,0.048,44.0,37.0,34.0,10.8,45.0,2.0,3.0,45.0,82,60,71.0
2019-07-26,0.5,6.0,26.0,25.0,0.058,61.0,43.0,40.0,18.2,64.0,8.0,11.0,64.0,84,62,73.0
2019-07-27,0.4,5.0,23.0,22.0,0.056,54.0,33.0,31.0,23.3,75.0,3.0,4.0,75.0,87,65,76.0
2019-07-28,0.2,2.0,4.0,4.0,0.056,54.0,22.0,20.0,14.9,57.0,1.0,1.0,57.0,89,73,81.0
2019-07-29,0.3,3.0,10.0,9.0,0.051,47.0,29.0,27.0,14.1,55.0,1.0,1.0,55.0,90,72,81.0
2019-07-30,0.3,3.0,26.0,25.0,0.044,41.0,23.0,21.0,6.6,28.0,1.0,1.0,41.0,85,71,78.0
2019-08-06,0.4,5.0,24.0,23.0,0.044,41.0,26.0,24.0,11.6,48.0,1.0,1.0,48.0,88,69,78.5
2019-08-08,0.3,3.0,17.0,16.0,0.043,40.0,16.0,15.0,7.4,31.0,2.0,3.0,40.0,83,67,75.0
2019-08-09,0.3,3.0,8.0,8.0,0.04,37.0,10.0,9.0,4.6,19.0,1.0,1.0,37.0,80,62,71.0
2019-08-10,0.3,3.0,23.0,22.0,0.039,36.0,16.0,15.0,5.7,24.0,2.0,3.0,36.0,79,61,70.0
2019-08-11,0.3,3.0,16.0,15.0,0.054,50.0,25.0,23.0,12.0,50.0,6.0,9.0,50.0,83,59,71.0
2019-08-12,0.5,6.0,29.0,27.0,0.045,42.0,46.0,43.0,13.0,53.0,4.0,6.0,53.0,82,65,73.5
2019-08-13,0.5,6.0,20.0,19.0,0.049,45.0,22.0,20.0,14.5,56.0,1.0,1.0,56.0,78,70,74.0
2019-08-14,0.3,3.0,12.0,11.0,0.038,35.0,18.0,17.0,8.9,37.0,1.0,1.0,37.0,81,65,73.0
2019-08-15,0.4,5.0,24.0,23.0,0.041,38.0,29.0,27.0,12.2,51.0,2.0,3.0,51.0,83,65,74.0
2019-08-16,0.3,3.0,22.0,21.0,0.049,45.0,20.0,19.0,12.2,51.0,3.0,4.0,51.0,82,69,75.5
2019-08-17,0.4,5.0,29.0,27.0,0.048,44.0,27.0,25.0,13.3,54.0,14.0,20.0,54.0,87,69,78.0
2019-08-18,0.4,5.0,16.0,15.0,0.047,44.0,20.0,19.0,9.4,39.0,3.0,4.0,44.0,91,68,79.5
2019-08-19,0.3,3.0,22.0,21.0,0.052,48.0,13.0,12.0,4.0,17.0,2.0,3.0,48.0,84,66,75.0
2019-08-20,0.4,5.0,30.0,28.0,0.056,54.0,34.0,31.0,11.8,49.0,2.0,3.0,54.0,90,68,79.0
2019-08-21,0.2,2.0,13.0,12.0,0.049,45.0,17.0,16.0,9.3,39.0,2.0,3.0,45.0,86,72,79.0
2019-08-22,0.3,3.0,15.0,14.0,0.026,24.0,7.0,6.0,5.0,21.0,1.0,1.0,24.0,76,65,70.5
2019-08-23,0.3,3.0,15.0,14.0,0.028,26.0,7.0,6.0,3.2,13.0,1.0,1.0,26.0,75,62,68.5
2019-08-24,0.3,3.0,12.0,11.0,0.029,27.0,7.0,6.0,4.3,18.0,1.0,1.0,27.0,74,62,68.0
2019-08-25,0.2,2.0,8.0,8.0,0.042,39.0,11.0,10.0,4.5,19.0,1.0,1.0,39.0,79,58,68.5
2019-08-26,0.3,3.0,13.0,12.0,0.039,36.0,30.0,28.0,7.6,32.0,1.0,1.0,36.0,80,62,71.0
2019-09-06,0.5,6.0,30.0,28.0,0.044,41.0,45.0,42.0,12.6,52.0,5.0,7.0,52.0,76,50,63.0
2019-09-07,0.4,5.0,30.0,28.0,0.042,39.0,25.0,23.0,12.7,52.0,1.0,1.0,52.0,76,60,68.0
2019-09-08,0.3,3.0,18.0,17.0,0.027,25.0,13.0,12.0,6.4,27.0,0.0,0.0,27.0,75,61,68.0
2019-09-09,0.2,2.0,18.0,17.0,0.03,28.0,17.0,16.0,6.1,25.0,0.0,0.0,28.0,78,61,69.5
2019-09-14,0.3,3.0,21.0,20.0,0.04,37.0,18.0,17.0,2.8,12.0,2.0,3.0,37.0,78,62,70.0
2019-09-15,0.4,5.0,19.0,18.0,0.031,29.0,40.0,37.0,11.8,49.0,11.0,16.0,49.0,77,59,68.0
2019-09-16,0.3,3.0,24.0,23.0,0.043,40.0,24.0,22.0,8.6,36.0,2.0,3.0,40.0,81,65,73.0
2019-09-17,0.3,3.0,14.0,13.0,0.035,32.0,14.0,13.0,5.2,22.0,0.0,0.0,32.0,77,63,70.0
2019-09-18,0.2,2.0,27.0,25.0,0.042,39.0,28.0,26.0,6.4,27.0,3.0,4.0,39.0,81,59,70.0
2019-09-19,0.3,3.0,23.0,22.0,0.054,50.0,47.0,44.0,11.8,49.0,3.0,4.0,50.0,82,59,70.5
2019-09-20,0.3,3.0,23.0,22.0,0.055,51.0,49.0,45.0,16.3,60.0,3.0,4.0,60.0,87,61,74.0
2019-09-21,0.4,5.0,23.0,22.0,0.065,84.0,52.0,48.0,32.0,93.0,5.0,7.0,93.0,90,66,78.0
2019-09-22,0.3,3.0,16.0,15.0,0.057,58.0,43.0,40.0,16.1,59.0,1.0,1.0,59.0,91,72,81.5
2019-09-23,0.2,2.0,8.0,8.0,0.04,37.0,14.0,13.0,5.1,21.0,0.0,0.0,37.0,80,66,73.0
2019-09-24,0.3,3.0,32.0,30.0,0.039,36.0,15.0,14.0,4.0,17.0,2.0,3.0,36.0,79,54,66.5
2019-09-25,0.3,3.0,27.0,25.0,0.05,46.0,49.0,45.0,9.2,38.0,6.0,9.0,46.0,83,57,70.0
2019-09-26,0.2,2.0,31.0,29.0,0.04,37.0,19.0,18.0,5.9,25.0,1.0,1.0,37.0,75,51,63.0
2019-09-27,0.4,5.0,29.0,27.0,0.049,45.0,50.0,46.0,9.9,41.0,20.0,29.0,46.0,85,48,66.5
2019-09-28,0.2,2.0,18.0,17.0,0.041,38.0,15.0,14.0,4.1,17.0,2.0,3.0,38.0,84,66,75.0
2019-09-29,0.2,2.0,15.0,14.0,0.028,26.0,9.0,8.0,3.6,15.0,0.0,0.0,26.0,72,65,68.5
2019-09-30,0.4,5.0,19.0,18.0,0.037,34.0,27.0,25.0,11.6,48.0,2.0,3.0,48.0,85,66,75.5
2019-10-02,0.2,2.0,18.0,17.0,0.026,24.0,21.0,19.0,7.9,33.0,1.0,1.0,33.0,84,64,74.0
2019-10-03,0.4,5.0,10.0,9.0,0.022,20.0,15.0,14.0,10.2,43.0,0.0,0.0,43.0,84,62,73.0
2019-10-04,0.2,2.0,7.0,7.0,0.025,23.0,5.0,5.0,3.3,14.0,0.0,0.0,23.0,63,51,57.0
2019-10-06,0.3,3.0,10.0,9.0,0.037,34.0,19.0,18.0,8.8,37.0,6.0,9.0,37.0,75,59,67.0
2019-10-07,0.3,3.0,22.0,21.0,0.019,18.0,16.0,15.0,7.3,30.0,0.0,0.0,30.0,65,50,57.5
2019-10-08,0.4,5.0,16.0,15.0,0.034,31.0,28.0,26.0,12.0,50.0,5.0,7.0,50.0,72,43,57.5
2019-10-10,0.3,3.0,26.0,25.0,0.034,31.0,32.0,30.0,8.2,34.0,2.0,3.0,34.0,77,46,61.5
2019-10-11,0.3,3.0,24.0,23.0,0.043,40.0,46.0,43.0,9.7,40.0,1.0,1.0,43.0,82,60,71.0
2019-10-12,0.4,5.0,15.0,14.0,0.032,30.0,8.0,7.0,6.0,25.0,11.0,16.0,30.0,66,43,54.5
2019-10-13,0.4,5.0,14.0,13.0,0.041,38.0,11.0,10.0,3.7,15.0,0.0,0.0,38.0,68,43,55.5
2019-10-14,0.2,2.0,21.0,20.0,0.028,26.0,16.0,15.0,5.0,21.0,0.0,0.0,26.0,58,42,50.0
2019-10-23,0.2,2.0,11.0,10.0,0.032,30.0,21.0,19.0,9.3,39.0,5.0,7.0,39.0,62,45,53.5
2019-10-25,0.3,3.0,27.0,25.0,0.026,24.0,30.0,28.0,20.9,70.0,2.0,3.0,70.0,57,43,50.0
2019-10-26,0.5,6.0,20.0,19.0,0.027,25.0,16.0,15.0,18.6,65.0,0.0,0.0,65.0,58,42,50.0
2019-10-30,0.4,5.0,19.0,18.0,0.009,8.0,17.0,16.0,15.4,58.0,0.0,0.0,58.0,64,52,58.0
2019-10-31,0.3,3.0,15.0,14.0,0.021,19.0,9.0,8.0,12.3,51.0,0.0,0.0,51.0,65,36,50.5
2019-11-01,0.3,3.0,22.0,21.0,0.021,19.0,13.0,12.0,12.4,52.0,0.0,0.0,52.0,41,31,36.0
2019-11-02,0.3,3.0,18.0,17.0,0.023,21.0,13.0,12.0,17.7,63.0,6.0,9.0,63.0,47,33,40.0
2019-11-03,0.2,2.0,14.0,13.0,0.026,24.0,9.0,8.0,10.3,43.0,1.0,1.0,43.0,48,34,41.0
2019-11-04,0.3,3.0,22.0,21.0,0.032,30.0,29.0,27.0,12.0,50.0,8.0,11.0,50.0,59,43,51.0
2019-11-05,0.2,2.0,20.0,19.0,0.029,27.0,14.0,13.0,12.7,52.0,0.0,0.0,52.0,53,34,43.5
2019-11-12,0.2,2.0,7.0,7.0,0.031,29.0,12.0,11.0,2.3,10.0,0.0,0.0,29.0,33,22,27.5
2019-11-13,0.4,5.0,18.0,17.0,0.029,27.0,18.0,17.0,6.4,27.0,5.0,7.0,27.0,28,13,20.5
2019-11-14,0.4,5.0,20.0,19.0,0.022,20.0,17.0,16.0,11.8,49.0,1.0,1.0,49.0,37,27,32.0
2019-11-15,0.3,3.0,14.0,13.0,0.032,30.0,17.0,16.0,18.1,64.0,2.0,3.0,64.0,38,29,33.5
2019-11-16,0.3,3.0,23.0,22.0,0.036,33.0,8.0,7.0,3.1,13.0,0.0,0.0,33.0,40,30,35.0
2019-11-17,0.3,3.0,18.0,17.0,0.03,28.0,18.0,17.0,8.5,35.0,3.0,4.0,35.0,49,27,38.0
2019-11-18,0.7,8.0,33.0,31.0,0.015,14.0,31.0,29.0,12.4,52.0,2.0,3.0,52.0,53,33,43.0
2019-11-19,0.7,8.0,26.0,25.0,0.004,4.0,22.0,20.0,33.3,96.0,0.0,0.0,96.0,43,30,36.5
2019-11-22,0.3,3.0,24.0,23.0,0.02,19.0,9.0,8.0,5.0,21.0,0.0,0.0,23.0,53,27,40.0
2019-11-23,0.3,3.0,23.0,22.0,0.017,16.0,20.0,19.0,10.7,45.0,4.0,6.0,45.0,46,23,34.5
2019-11-24,0.3,3.0,8.0,8.0,0.022,20.0,11.0,10.0,13.3,54.0,2.0,3.0,54.0,45,30,37.5
2019-11-25,0.3,3.0,23.0,22.0,0.027,25.0,24.0,22.0,12.5,52.0,3.0,4.0,52.0,56,40,48.0
2019-11-26,0.4,5.0,30.0,28.0,0.024,22.0,25.0,23.0,11.0,46.0,1.0,1.0,46.0,61,44,52.5
2019-11-27,0.3,3.0,18.0,17.0,0.023,21.0,22.0,20.0,5.8,24.0,2.0,3.0,24.0,60,39,49.5
2019-11-28,0.2,2.0,3.0,3.0,0.029,27.0,7.0,6.0,1.5,6.0,0.0,0.0,27.0,41,36,38.5
2019-11-29,0.2,2.0,13.0,12.0,0.026,24.0,9.0,8.0,4.0,17.0,1.0,1.0,24.0,38,36,37.0
2019-11-30,0.2,2.0,11.0,10.0,0.023,21.0,9.0,8.0,7.1,30.0,0.0,0.0,30.0,43,35,39.0
2019-12-01,0.3,3.0,6.0,6.0,0.025,23.0,9.0,8.0,3.9,16.0,0.0,0.0,23.0,57,36,46.5
2019-12-02,0.2,2.0,12.0,11.0,0.032,30.0,7.0,6.0,4.4,18.0,0.0,0.0,30.0,39,34,36.5
2019-12-03,0.2,2.0,13.0,12.0,0.023,21.0,6.0,6.0,6.2,26.0,0.0,0.0,26.0,35,31,33.0
2019-12-04,0.2,2.0,10.0,9.0,0.028,26.0,12.0,11.0,10.6,44.0,0.0,0.0,44.0,37,34,35.5
2019-12-05,0.3,3.0,25.0,24.0,0.027,25.0,21.0,19.0,5.2,22.0,2.0,3.0,25.0,41,33,37.0
2019-12-06,0.4,5.0,20.0,19.0,0.028,26.0,17.0,16.0,7.0,29.0,1.0,1.0,29.0,47,34,40.5
2019-12-07,0.3,3.0,21.0,20.0,0.027,25.0,10.0,9.0,5.9,25.0,0.0,0.0,25.0,40,31,35.5
2019-12-08,0.4,5.0,14.0,13.0,0.024,22.0,21.0,19.0,10.6,44.0,4.0,6.0,44.0,51,30,40.5
2019-12-09,0.3,3.0,18.0,17.0,0.022,20.0,16.0,15.0,6.1,25.0,3.0,4.0,25.0,54,48,51.0
2019-12-10,0.2,2.0,7.0,7.0,0.023,21.0,11.0,10.0,8.7,36.0,0.0,0.0,36.0,52,23,37.5
2019-12-11,0.2,2.0,10.0,9.0,0.024,22.0,22.0,20.0,8.0,33.0,0.0,0.0,33.0,29,19,24.0
2019-12-12,0.3,3.0,22.0,21.0,0.016,15.0,38.0,35.0,16.2,60.0,2.0,3.0,60.0,38,17,27.5
2019-12-13,0.3,3.0,21.0,20.0,0.013,12.0,39.0,36.0,13.6,54.0,4.0,6.0,54.0,46,33,39.5
2019-12-14,0.4,5.0,21.0,20.0,0.021,19.0,13.0,12.0,18.4,64.0,0.0,0.0,64.0,40,36,38.0
2019-12-15,0.3,3.0,9.0,8.0,0.026,24.0,8.0,7.0,10.6,44.0,0.0,0.0,44.0,37,29,33.0
2019-12-16,0.4,5.0,22.0,21.0,0.022,20.0,23.0,21.0,20.7,69.0,0.0,0.0,69.0,38,29,33.5
2019-12-17,0.3,3.0,15.0,14.0,0.027,25.0,10.0,9.0,9.7,40.0,0.0,0.0,40.0,36,23,29.5
2019-12-18,0.2,2.0,9.0,8.0,0.035,32.0,16.0,15.0,7.9,33.0,0.0,0.0,33.0,27,19,23.0
2019-12-19,0.3,3.0,25.0,24.0,0.027,25.0,26.0,24.0,8.4,35.0,4.0,6.0,35.0,30,13,21.5
2019-12-21,0.5,6.0,24.0,23.0,0.025,23.0,30.0,28.0,23.4,75.0,8.0,11.0,75.0,49,26,37.5
2019-12-22,0.4,5.0,26.0,25.0,0.035,32.0,26.0,24.0,17.1,62.0,3.0,4.0,62.0,53,33,43.0
2019-12-24,0.4,5.0,11.0,10.0,0.017,16.0,20.0,19.0,29.3,87.0,2.0,3.0,87.0,39,33,36.0
2019-12-25,0.4,5.0,22.0,21.0,0.02,19.0,20.0,19.0,13.0,53.0,4.0,6.0,53.0,58,32,45.0
2019-12-26,0.3,3.0,25.0,24.0,0.026,24.0,20.0,19.0,10.3,43.0,1.0,1.0,43.0,66,43,54.5
2019-12-27,0.2,2.0,9.0,8.0,0.022,20.0,14.0,13.0,11.3,47.0,0.0,0.0,47.0,61,40,50.5
2019-12-28,0.4,5.0,24.0,23.0,0.016,15.0,19.0,18.0,20.9,70.0,1.0,1.0,70.0,48,36,42.0
2019-12-29,0.4,5.0,12.0,11.0,0.018,17.0,20.0,19.0,13.7,54.0,1.0,1.0,54.0,59,41,50.0
