,high_temp,low_temp,co_max,co_aqi_val,no2_max,no2_aqi_val,ozone_max,ozone_aqi_val,pm10_mean,pm10_aqi_val,pm2.5_mean,pm2.5_aqi_val,so2_max,so2_aqi_val,cumulitive_aqi,pct_change_aqi,average_daily_temp,month,weekday
2017-01-01,43,27,0.5,6.0,36.0,34.0,0.026,24.0,21.0,19.0,9.6,40.0,5.0,7.0,40.0,,35.0,1,6
2017-01-02,50,34,0.5,6.0,33.0,31.0,0.009,8.0,18.0,17.0,14.1,55.0,2.0,3.0,55.0,0.375,42.0,1,0
2017-01-03,50,40,0.4,5.0,24.0,23.0,0.015,14.0,9.0,8.0,7.7,32.0,0.0,0.0,32.0,-0.4181818181818182,45.0,1,1
2017-01-04,40,20,0.2,2.0,,,0.027,25.0,19.0,18.0,4.6,19.0,0.0,0.0,25.0,-0.21875,30.0,1,2
2017-01-05,21,13,,,19.0,18.0,0.02,19.0,11.0,10.0,5.3,22.0,0.0,0.0,22.0,-0.12,17.0,1,3
2017-01-06,16,5,0.3,3.0,25.0,24.0,0.024,22.0,17.0,16.0,14.1,55.0,0.0,0.0,55.0,1.5,10.5,1,4
2017-01-07,17,6,0.3,3.0,26.0,25.0,0.03,28.0,17.0,16.0,13.4,54.0,0.0,0.0,54.0,-0.018181818181818188,11.5,1,5
2017-01-08,19,12,0.2,2.0,9.0,8.0,0.032,30.0,10.0,9.0,1.5,6.0,1.0,1.0,30.0,-0.4444444444444444,15.5,1,6
2017-01-09,31,15,0.4,5.0,26.0,25.0,0.023,21.0,39.0,36.0,11.3,47.0,8.0,11.0,47.0,0.5666666666666667,23.0,1,0
2017-01-10,51,28,0.4,5.0,27.0,25.0,0.032,30.0,13.0,12.0,5.6,23.0,1.0,1.0,30.0,-0.36170212765957444,39.5,1,1
2017-01-11,59,35,0.4,5.0,25.0,24.0,0.024,22.0,20.0,19.0,10.2,43.0,5.0,7.0,43.0,0.43333333333333335,47.0,1,2
2017-01-12,65,33,0.3,3.0,22.0,21.0,0.028,26.0,11.0,10.0,9.4,39.0,9.0,13.0,39.0,-0.09302325581395354,49.0,1,3
2017-01-13,33,26,0.3,3.0,14.0,13.0,0.027,25.0,15.0,14.0,6.8,28.0,10.0,14.0,28.0,-0.28205128205128205,29.5,1,4
2017-01-14,34,26,0.3,3.0,20.0,19.0,0.026,24.0,12.0,11.0,8.3,35.0,1.0,1.0,35.0,0.25,30.0,1,5
2017-01-15,35,20,0.7,8.0,37.0,35.0,0.015,14.0,21.0,19.0,21.3,70.0,8.0,11.0,70.0,1.0,27.5,1,6
2017-01-16,41,22,0.7,8.0,34.0,32.0,0.005,5.0,39.0,36.0,29.0,87.0,2.0,3.0,87.0,0.24285714285714288,31.5,1,0
2017-01-17,61,41,0.5,6.0,24.0,23.0,0.02,19.0,12.0,11.0,11.0,46.0,1.0,1.0,46.0,-0.47126436781609193,51.0,1,1
2017-01-18,45,38,0.3,3.0,14.0,13.0,0.02,19.0,5.0,5.0,4.0,17.0,0.0,0.0,19.0,-0.5869565217391304,41.5,1,2
2017-01-19,46,36,0.3,3.0,23.0,22.0,0.016,15.0,11.0,10.0,8.1,34.0,0.0,0.0,34.0,0.7894736842105263,41.0,1,3
2017-01-20,55,37,0.5,6.0,22.0,21.0,0.006,6.0,13.0,12.0,10.6,44.0,1.0,1.0,44.0,0.2941176470588236,46.0,1,4
2017-01-21,63,42,0.6,7.0,22.0,21.0,0.021,19.0,19.0,18.0,12.2,51.0,4.0,6.0,51.0,0.15909090909090917,52.5,1,5
2017-01-22,64,41,0.4,5.0,21.0,20.0,0.015,14.0,16.0,15.0,9.2,38.0,4.0,6.0,38.0,-0.2549019607843137,52.5,1,6
2017-01-23,44,40,0.4,5.0,19.0,18.0,0.014,13.0,11.0,10.0,10.5,44.0,0.0,0.0,44.0,0.1578947368421053,42.0,1,0
2017-01-24,41,36,0.3,3.0,16.0,15.0,0.02,19.0,7.0,6.0,8.4,35.0,3.0,4.0,35.0,-0.20454545454545459,38.5,1,1
2017-01-25,52,37,0.3,3.0,24.0,23.0,0.024,22.0,15.0,14.0,7.8,33.0,3.0,4.0,33.0,-0.05714285714285716,44.5,1,2
2017-01-26,42,33,0.2,2.0,10.0,9.0,0.021,19.0,5.0,5.0,2.8,12.0,0.0,0.0,19.0,-0.4242424242424242,37.5,1,3
2017-01-27,34,29,0.2,2.0,12.0,11.0,0.026,24.0,7.0,6.0,5.0,21.0,0.0,0.0,24.0,0.26315789473684204,31.5,1,4
2017-01-28,31,28,0.2,2.0,7.0,7.0,0.025,23.0,10.0,9.0,8.9,37.0,0.0,0.0,37.0,0.5416666666666667,29.5,1,5
2017-01-29,32,26,0.2,2.0,18.0,17.0,0.032,30.0,7.0,6.0,6.0,25.0,0.0,0.0,30.0,-0.18918918918918914,29.0,1,6
2017-01-30,27,23,0.3,3.0,21.0,20.0,0.033,31.0,9.0,8.0,2.4,10.0,3.0,4.0,31.0,0.03333333333333344,25.0,1,0
2017-01-31,38,26,0.3,3.0,31.0,29.0,0.027,25.0,10.0,9.0,9.1,38.0,,,38.0,0.22580645161290325,32.0,1,1
2017-02-01,38,31,0.3,3.0,32.0,30.0,0.029,27.0,8.0,7.0,5.2,22.0,0.0,0.0,30.0,-0.21052631578947367,34.5,2,2
2017-02-02,33,21,0.3,3.0,17.0,16.0,0.034,31.0,12.0,11.0,5.0,21.0,0.0,0.0,31.0,0.03333333333333344,27.0,2,3
2017-02-03,27,18,0.3,3.0,24.0,23.0,0.039,36.0,22.0,20.0,7.1,30.0,0.0,0.0,36.0,0.16129032258064524,22.5,2,4
2017-02-04,33,16,0.2,2.0,17.0,16.0,0.034,31.0,12.0,11.0,3.4,14.0,4.0,6.0,31.0,-0.13888888888888884,24.5,2,5
2017-02-05,44,30,0.2,2.0,10.0,9.0,0.03,28.0,16.0,15.0,8.6,36.0,1.0,1.0,36.0,0.16129032258064524,37.0,2,6
2017-02-06,54,25,,,45.0,42.0,0.025,23.0,35.0,32.0,19.9,67.0,5.0,7.0,67.0,0.8611111111111112,39.5,2,0
2017-02-07,60,47,0.5,6.0,30.0,28.0,0.027,25.0,15.0,14.0,9.4,39.0,1.0,1.0,39.0,-0.417910447761194,53.5,2,1
2017-02-08,53,28,0.3,3.0,12.0,11.0,0.033,31.0,10.0,9.0,2.8,12.0,0.0,0.0,31.0,-0.20512820512820518,40.5,2,2
2017-02-09,28,19,0.2,2.0,10.0,9.0,0.035,32.0,15.0,14.0,1.9,8.0,0.0,0.0,32.0,0.032258064516129004,23.5,2,3
2017-02-10,37,16,0.6,7.0,22.0,21.0,0.024,22.0,35.0,32.0,10.0,42.0,11.0,16.0,42.0,0.3125,26.5,2,4
2017-02-11,51,37,0.6,7.0,33.0,31.0,0.021,19.0,22.0,20.0,10.5,44.0,0.0,0.0,44.0,0.04761904761904767,44.0,2,5
2017-02-12,46,35,0.7,8.0,31.0,29.0,0.039,36.0,12.0,11.0,17.5,62.0,0.0,0.0,62.0,0.40909090909090917,40.5,2,6
2017-02-13,40,31,0.5,6.0,46.0,43.0,0.036,33.0,25.0,23.0,4.4,18.0,1.0,1.0,43.0,-0.30645161290322576,35.5,2,0
2017-02-14,52,32,0.6,7.0,17.0,16.0,0.035,32.0,19.0,18.0,5.9,25.0,1.0,1.0,32.0,-0.2558139534883721,42.0,2,1
2017-02-15,42,28,0.2,2.0,10.0,9.0,0.033,31.0,9.0,8.0,2.2,9.0,0.0,0.0,31.0,-0.03125,35.0,2,2
2017-02-16,30,22,0.4,5.0,46.0,43.0,0.033,31.0,28.0,26.0,4.0,17.0,3.0,4.0,43.0,0.3870967741935485,26.0,2,3
2017-02-17,54,26,0.5,6.0,39.0,37.0,0.032,30.0,49.0,45.0,14.2,55.0,12.0,17.0,55.0,0.2790697674418605,40.0,2,4
2017-02-18,69,49,0.4,5.0,13.0,12.0,0.048,44.0,20.0,19.0,8.3,35.0,1.0,1.0,44.0,-0.19999999999999996,59.0,2,5
2017-02-19,64,42,0.5,6.0,39.0,37.0,0.038,35.0,28.0,26.0,17.7,63.0,0.0,0.0,63.0,0.4318181818181819,53.0,2,6
2017-02-20,59,33,1.0,11.0,45.0,42.0,0.014,13.0,50.0,46.0,17.1,62.0,2.0,3.0,62.0,-0.015873015873015928,46.0,2,0
2017-02-21,67,45,0.6,7.0,43.0,41.0,0.026,24.0,71.0,59.0,14.3,56.0,8.0,11.0,59.0,-0.048387096774193505,56.0,2,1
2017-02-22,63,52,0.7,8.0,38.0,36.0,0.034,31.0,28.0,26.0,17.4,62.0,4.0,6.0,62.0,0.05084745762711873,57.5,2,2
2017-02-23,68,52,0.5,6.0,36.0,34.0,0.027,25.0,27.0,25.0,15.0,57.0,0.0,0.0,57.0,-0.08064516129032262,60.0,2,3
2017-02-24,77,45,0.5,6.0,30.0,28.0,0.038,35.0,32.0,30.0,13.3,54.0,7.0,10.0,54.0,-0.052631578947368474,61.0,2,4
2017-02-25,61,27,0.2,2.0,5.0,5.0,0.031,29.0,5.0,5.0,3.4,14.0,0.0,0.0,29.0,-0.4629629629629629,44.0,2,5
2017-02-26,43,26,0.2,2.0,7.0,7.0,0.036,33.0,8.0,7.0,4.2,18.0,0.0,0.0,33.0,0.13793103448275867,34.5,2,6
2017-02-27,50,36,0.3,3.0,18.0,17.0,0.036,33.0,14.0,13.0,4.3,18.0,1.0,1.0,33.0,0.0,43.0,2,0
2017-02-28,61,39,0.6,7.0,25.0,24.0,0.029,27.0,29.0,27.0,13.1,53.0,6.0,9.0,53.0,0.606060606060606,50.0,2,1
2017-03-01,65,35,0.4,5.0,29.0,27.0,0.037,34.0,11.0,10.0,,,1.0,1.0,34.0,-0.3584905660377359,50.0,3,2
2017-03-02,35,27,0.2,2.0,9.0,8.0,0.038,35.0,12.0,11.0,2.8,12.0,0.0,0.0,35.0,0.02941176470588225,31.0,3,3
2017-03-03,28,24,0.2,2.0,14.0,13.0,0.038,35.0,14.0,13.0,2.7,11.0,0.0,0.0,35.0,0.0,26.0,3,4
2017-03-04,29,21,0.2,2.0,12.0,11.0,0.04,37.0,10.0,9.0,1.4,6.0,0.0,0.0,37.0,0.05714285714285716,25.0,3,5
2017-03-05,48,20,0.4,5.0,14.0,13.0,0.035,32.0,14.0,13.0,,,3.0,4.0,32.0,-0.1351351351351351,34.0,3,6
2017-03-06,59,45,,,43.0,41.0,0.037,34.0,46.0,43.0,,,12.0,17.0,43.0,0.34375,52.0,3,0
2017-03-07,61,44,0.4,5.0,11.0,10.0,0.037,34.0,14.0,13.0,8.2,34.0,1.0,1.0,34.0,-0.2093023255813954,52.5,3,1
2017-03-09,49,34,,,,,0.035,32.0,,,,,,,32.0,-0.05882352941176472,41.5,3,3
2017-03-10,36,22,0.2,2.0,10.0,9.0,0.038,35.0,,,4.2,18.0,1.0,1.0,35.0,0.09375,29.0,3,4
2017-03-11,28,19,0.2,2.0,17.0,16.0,0.04,37.0,,,2.8,12.0,1.0,1.0,37.0,0.05714285714285716,23.5,3,5
2017-03-12,29,22,0.2,2.0,18.0,17.0,0.04,37.0,,,0.7,3.0,1.0,1.0,37.0,0.0,25.5,3,6
2017-03-13,33,23,0.3,3.0,16.0,15.0,0.032,30.0,,,2.7,11.0,0.0,0.0,30.0,-0.18918918918918914,28.0,3,0
2017-03-14,27,19,0.2,2.0,8.0,8.0,0.038,35.0,,,1.6,7.0,0.0,0.0,35.0,0.16666666666666674,23.0,3,1
2017-03-15,31,20,0.2,2.0,9.0,8.0,0.043,40.0,,,1.9,8.0,0.0,0.0,40.0,0.1428571428571428,25.5,3,2
2017-03-16,38,26,0.3,3.0,40.0,38.0,0.04,37.0,,,4.0,17.0,1.0,1.0,38.0,-0.050000000000000044,32.0,3,3
2017-03-17,43,23,0.7,8.0,49.0,46.0,0.033,31.0,,,16.5,60.0,8.0,11.0,60.0,0.5789473684210527,33.0,3,4
2017-03-18,41,35,0.4,5.0,19.0,18.0,0.028,26.0,,,12.3,51.0,1.0,1.0,51.0,-0.15000000000000002,38.0,3,5
2017-03-19,39,35,0.3,3.0,35.0,33.0,0.038,35.0,,,20.7,69.0,1.0,1.0,69.0,0.3529411764705883,37.0,3,6
2017-03-20,49,34,0.5,6.0,36.0,34.0,0.021,19.0,,,19.1,66.0,4.0,6.0,66.0,-0.04347826086956519,41.5,3,0
2017-03-21,57,33,0.5,6.0,37.0,35.0,0.038,35.0,,,16.8,61.0,0.0,0.0,61.0,-0.0757575757575758,45.0,3,1
2017-03-22,33,23,0.3,3.0,20.0,19.0,,,,,1.2,5.0,0.0,0.0,19.0,-0.6885245901639344,28.0,3,2
2017-03-23,51,18,0.6,7.0,45.0,42.0,0.036,33.0,,,10.0,42.0,3.0,4.0,42.0,1.210526315789474,34.5,3,3
2017-03-24,74,42,0.5,6.0,20.0,19.0,0.05,46.0,,,13.5,54.0,2.0,3.0,54.0,0.2857142857142858,58.0,3,4
2017-03-25,66,42,0.6,7.0,42.0,40.0,0.022,20.0,,,15.2,58.0,3.0,4.0,58.0,0.07407407407407418,54.0,3,5
2017-03-26,68,42,0.5,6.0,28.0,26.0,0.029,27.0,,,12.4,52.0,3.0,4.0,52.0,-0.10344827586206895,55.0,3,6
2017-03-27,64,54,0.3,3.0,19.0,18.0,0.025,23.0,,,7.7,32.0,0.0,0.0,32.0,-0.3846153846153846,59.0,3,0
2017-03-28,54,39,0.4,5.0,33.0,31.0,0.027,25.0,,,5.8,24.0,0.0,0.0,31.0,-0.03125,46.5,3,1
2017-03-29,53,38,0.3,3.0,32.0,30.0,0.034,31.0,,,5.8,24.0,0.0,0.0,31.0,0.0,45.5,3,2
2017-03-30,53,43,0.3,3.0,19.0,18.0,0.026,24.0,,,5.6,23.0,0.0,0.0,24.0,-0.22580645161290325,48.0,3,3
2017-03-31,60,39,0.4,5.0,30.0,28.0,0.028,26.0,,,7.1,30.0,0.0,0.0,30.0,0.25,49.5,3,4
2017-04-01,49,37,0.3,3.0,28.0,26.0,0.044,41.0,,,6.2,26.0,1.0,1.0,41.0,0.3666666666666667,43.0,4,5
2017-04-02,61,36,0.5,6.0,29.0,27.0,0.041,38.0,,,11.7,49.0,2.0,3.0,49.0,0.19512195121951215,48.5,4,6
2017-04-03,74,50,,,21.0,20.0,0.037,34.0,,,9.4,39.0,6.0,9.0,39.0,-0.20408163265306123,62.0,4,0
2017-04-04,61,49,0.3,3.0,,,0.036,33.0,,,5.3,22.0,0.0,0.0,33.0,-0.15384615384615385,55.0,4,1
2017-04-05,66,43,0.3,3.0,27.0,25.0,0.04,37.0,,,3.7,15.0,0.0,0.0,37.0,0.1212121212121211,54.5,4,2
2017-04-06,59,35,0.3,3.0,21.0,20.0,0.032,30.0,,,4.2,18.0,1.0,1.0,30.0,-0.18918918918918914,47.0,4,3
2017-04-07,46,32,0.3,3.0,33.0,31.0,0.039,36.0,,,0.0,0.0,0.0,0.0,36.0,0.19999999999999996,39.0,4,4
2017-04-08,59,29,0.5,6.0,43.0,41.0,0.037,34.0,,,5.2,22.0,3.0,4.0,41.0,0.13888888888888884,44.0,4,5
2017-04-09,74,42,0.5,6.0,31.0,29.0,0.046,43.0,,,,,13.0,19.0,43.0,0.04878048780487809,58.0,4,6
2017-04-10,80,61,,,25.0,24.0,0.051,47.0,,,,,12.0,17.0,47.0,0.09302325581395343,70.5,4,0
2017-04-11,71,51,0.5,6.0,32.0,30.0,0.035,32.0,,,10.9,45.0,1.0,1.0,45.0,-0.04255319148936165,61.0,4,1
2017-04-12,58,47,0.4,5.0,31.0,29.0,0.033,31.0,,,5.4,23.0,0.0,0.0,31.0,-0.3111111111111111,52.5,4,2
2017-04-13,56,45,0.4,5.0,31.0,29.0,0.026,24.0,18.0,17.0,6.5,27.0,0.0,0.0,29.0,-0.06451612903225812,50.5,4,3
2017-04-14,66,46,0.5,6.0,40.0,38.0,0.038,35.0,24.0,22.0,6.6,28.0,2.0,3.0,38.0,0.31034482758620685,56.0,4,4
2017-04-15,83,54,0.5,6.0,24.0,23.0,0.053,49.0,33.0,31.0,13.2,53.0,5.0,7.0,53.0,0.39473684210526305,68.5,4,5
2017-04-16,80,62,0.2,2.0,10.0,9.0,0.047,44.0,17.0,16.0,7.7,32.0,1.0,1.0,44.0,-0.16981132075471694,71.0,4,6
2017-04-17,66,49,0.3,3.0,31.0,29.0,0.038,35.0,13.0,12.0,4.1,17.0,1.0,1.0,35.0,-0.20454545454545459,57.5,4,0
2017-04-18,72,46,0.4,5.0,30.0,28.0,0.046,43.0,24.0,22.0,5.8,24.0,1.0,1.0,43.0,0.22857142857142865,59.0,4,1
2017-04-19,78,56,0.3,3.0,25.0,24.0,0.033,31.0,27.0,25.0,9.3,39.0,10.0,14.0,39.0,-0.09302325581395354,67.0,4,2
2017-04-20,82,54,0.4,5.0,29.0,27.0,0.031,29.0,22.0,20.0,16.0,59.0,1.0,1.0,59.0,0.5128205128205128,68.0,4,3
2017-04-21,66,47,0.4,5.0,8.0,8.0,0.031,29.0,6.0,6.0,6.2,26.0,0.0,0.0,29.0,-0.5084745762711864,56.5,4,4
2017-04-22,52,42,0.2,2.0,13.0,12.0,0.033,31.0,5.0,5.0,3.1,13.0,1.0,1.0,31.0,0.06896551724137923,47.0,4,5
2017-04-23,64,36,0.4,5.0,39.0,37.0,0.041,38.0,14.0,13.0,7.5,31.0,1.0,1.0,38.0,0.22580645161290325,50.0,4,6
2017-04-24,75,42,0.6,7.0,44.0,42.0,0.049,45.0,30.0,28.0,8.2,34.0,10.0,14.0,45.0,0.18421052631578938,58.5,4,0
2017-04-25,77,57,0.2,2.0,15.0,14.0,0.039,36.0,19.0,18.0,4.9,20.0,1.0,1.0,36.0,-0.19999999999999996,67.0,4,1
2017-04-26,82,56,0.4,5.0,33.0,31.0,0.041,38.0,63.0,55.0,11.0,46.0,9.0,13.0,55.0,0.5277777777777777,69.0,4,2
2017-04-27,81,50,,,31.0,29.0,0.043,40.0,57.0,52.0,12.3,51.0,6.0,9.0,52.0,-0.054545454545454564,65.5,4,3
2017-04-28,64,47,0.4,5.0,23.0,22.0,0.032,30.0,22.0,20.0,9.7,40.0,1.0,1.0,40.0,-0.23076923076923073,55.5,4,4
2017-04-29,58,47,0.4,5.0,11.0,10.0,0.033,31.0,8.0,7.0,7.6,32.0,0.0,0.0,32.0,-0.19999999999999996,52.5,4,5
2017-04-30,86,49,0.3,3.0,13.0,12.0,0.03,28.0,17.0,16.0,8.2,34.0,2.0,3.0,34.0,0.0625,67.5,4,6
2017-05-01,76,53,0.3,3.0,17.0,16.0,0.042,39.0,21.0,19.0,7.7,32.0,4.0,6.0,39.0,0.1470588235294117,64.5,5,0
2017-05-02,54,45,,,6.0,6.0,0.041,38.0,6.0,6.0,1.8,8.0,1.0,1.0,38.0,-0.02564102564102566,49.5,5,1
2017-05-03,57,44,0.2,2.0,12.0,11.0,0.037,34.0,8.0,7.0,3.2,13.0,1.0,1.0,34.0,-0.10526315789473684,50.5,5,2
2017-05-04,56,48,0.3,3.0,22.0,21.0,0.022,20.0,12.0,11.0,5.9,25.0,1.0,1.0,25.0,-0.2647058823529411,52.0,5,3
2017-05-05,53,45,0.3,3.0,12.0,11.0,0.037,34.0,3.0,3.0,2.1,9.0,0.0,0.0,34.0,0.3600000000000001,49.0,5,4
2017-05-06,52,45,0.2,2.0,4.0,4.0,0.034,31.0,4.0,4.0,2.5,10.0,0.0,0.0,31.0,-0.08823529411764708,48.5,5,5
2017-05-07,56,40,0.2,2.0,13.0,12.0,0.039,36.0,6.0,6.0,1.5,6.0,1.0,1.0,36.0,0.16129032258064524,48.0,5,6
2017-05-08,55,36,0.2,2.0,35.0,33.0,0.041,38.0,25.0,23.0,2.1,9.0,,,38.0,0.05555555555555558,45.5,5,0
2017-05-09,62,36,0.5,6.0,48.0,45.0,0.043,40.0,54.0,50.0,12.6,52.0,10.0,14.0,52.0,0.368421052631579,49.0,5,1
2017-05-10,64,48,0.4,5.0,34.0,32.0,0.037,34.0,23.0,21.0,5.0,21.0,1.0,1.0,34.0,-0.34615384615384615,56.0,5,2
2017-05-11,58,51,0.3,3.0,19.0,18.0,0.031,29.0,12.0,11.0,4.9,20.0,0.0,0.0,29.0,-0.1470588235294118,54.5,5,3
2017-05-12,59,48,0.4,5.0,29.0,27.0,0.03,28.0,15.0,14.0,10.7,45.0,0.0,0.0,45.0,0.5517241379310345,53.5,5,4
2017-05-13,70,42,0.3,3.0,23.0,22.0,0.047,44.0,19.0,18.0,10.4,43.0,0.0,0.0,44.0,-0.022222222222222254,56.0,5,5
2017-05-14,64,50,0.3,3.0,15.0,14.0,0.038,35.0,14.0,13.0,13.4,54.0,2.0,3.0,54.0,0.2272727272727273,57.0,5,6
2017-05-15,68,40,0.4,5.0,38.0,36.0,0.029,27.0,21.0,19.0,4.0,17.0,3.0,4.0,36.0,-0.33333333333333337,54.0,5,0
2017-05-16,87,49,0.4,5.0,26.0,25.0,0.061,71.0,57.0,52.0,11.0,46.0,3.0,4.0,71.0,0.9722222222222223,68.0,5,1
2017-05-17,90,70,0.4,5.0,41.0,39.0,0.05,46.0,64.0,55.0,15.1,57.0,5.0,7.0,57.0,-0.19718309859154926,80.0,5,2
2017-05-18,89,71,0.2,2.0,11.0,10.0,0.048,44.0,44.0,41.0,25.5,79.0,0.0,0.0,79.0,0.38596491228070184,80.0,5,3
2017-05-19,72,52,0.2,2.0,11.0,10.0,0.025,23.0,11.0,10.0,5.6,23.0,0.0,0.0,23.0,-0.7088607594936709,62.0,5,4
2017-05-20,73,54,0.3,3.0,11.0,10.0,0.031,29.0,15.0,14.0,7.0,29.0,0.0,0.0,29.0,0.26086956521739135,63.5,5,5
2017-05-21,76,65,0.5,6.0,11.0,10.0,0.031,29.0,20.0,19.0,11.2,47.0,1.0,1.0,47.0,0.6206896551724137,70.5,5,6
2017-05-22,71,54,0.2,2.0,21.0,20.0,0.045,42.0,14.0,13.0,4.8,20.0,14.0,20.0,42.0,-0.1063829787234043,62.5,5,0
2017-05-23,77,52,0.4,5.0,39.0,37.0,0.047,44.0,35.0,32.0,11.3,47.0,10.0,14.0,47.0,0.11904761904761907,64.5,5,1
2017-05-24,68,61,0.4,5.0,32.0,30.0,0.033,31.0,18.0,17.0,9.0,38.0,3.0,4.0,38.0,-0.19148936170212771,64.5,5,2
2017-05-25,63,59,0.3,3.0,22.0,21.0,0.029,27.0,8.0,7.0,4.9,20.0,0.0,0.0,27.0,-0.2894736842105263,61.0,5,3
2017-05-26,70,58,0.3,3.0,31.0,29.0,0.037,34.0,11.0,10.0,5.2,22.0,0.0,0.0,34.0,0.2592592592592593,64.0,5,4
2017-05-27,73,59,0.4,5.0,24.0,23.0,0.039,36.0,12.0,11.0,10.1,42.0,0.0,0.0,42.0,0.23529411764705888,66.0,5,5
2017-05-28,81,59,0.4,5.0,14.0,13.0,0.039,36.0,23.0,21.0,12.3,51.0,10.0,14.0,51.0,0.2142857142857142,70.0,5,6
2017-05-29,82,60,0.3,3.0,14.0,13.0,0.047,44.0,16.0,15.0,6.8,28.0,8.0,11.0,44.0,-0.13725490196078427,71.0,5,0
2017-05-30,79,58,0.3,3.0,20.0,19.0,0.044,41.0,27.0,25.0,4.7,20.0,6.0,9.0,41.0,-0.06818181818181823,68.5,5,1
2017-05-31,78,56,0.3,3.0,36.0,34.0,0.047,44.0,40.0,37.0,8.3,35.0,12.0,17.0,44.0,0.07317073170731714,67.0,5,2
2017-06-01,73,53,0.3,3.0,39.0,37.0,0.042,39.0,27.0,25.0,6.5,27.0,10.0,14.0,39.0,-0.11363636363636365,63.0,6,3
2017-06-02,80,52,0.5,6.0,38.0,36.0,0.041,38.0,44.0,41.0,14.7,56.0,10.0,14.0,56.0,0.4358974358974359,66.0,6,4
2017-06-03,82,56,0.3,3.0,18.0,17.0,0.045,42.0,29.0,27.0,11.8,49.0,1.0,1.0,49.0,-0.125,69.0,6,5
2017-06-04,88,69,0.4,5.0,33.0,31.0,0.051,47.0,29.0,27.0,13.4,54.0,11.0,16.0,54.0,0.1020408163265305,78.5,6,6
2017-06-05,71,59,0.2,2.0,11.0,10.0,0.042,39.0,12.0,11.0,6.1,25.0,0.0,0.0,39.0,-0.2777777777777778,65.0,6,0
2017-06-06,68,52,0.2,2.0,10.0,9.0,0.03,28.0,10.0,9.0,5.0,21.0,0.0,0.0,28.0,-0.28205128205128205,60.0,6,1
2017-06-07,66,54,0.3,3.0,17.0,16.0,0.028,26.0,9.0,8.0,3.6,15.0,0.0,0.0,26.0,-0.0714285714285714,60.0,6,2
2017-06-08,73,50,0.6,7.0,36.0,34.0,0.036,33.0,30.0,28.0,8.9,37.0,5.0,7.0,37.0,0.42307692307692313,61.5,6,3
2017-06-09,79,53,0.5,6.0,36.0,34.0,0.043,40.0,69.0,58.0,16.3,60.0,17.0,24.0,60.0,0.6216216216216217,66.0,6,4
2017-06-10,89,67,0.7,8.0,10.0,9.0,0.064,80.0,30.0,28.0,10.0,42.0,1.0,1.0,80.0,0.33333333333333326,78.0,6,5
2017-06-11,91,69,0.8,9.0,19.0,18.0,0.059,64.0,23.0,21.0,,,10.0,14.0,64.0,-0.19999999999999996,80.0,6,6
2017-06-12,93,73,,,14.0,13.0,0.053,49.0,28.0,26.0,,,1.0,1.0,49.0,-0.234375,83.0,6,0
2017-06-13,93,73,0.3,3.0,18.0,17.0,0.07,100.0,33.0,31.0,,,3.0,4.0,100.0,1.0408163265306123,83.0,6,1
2017-06-14,88,69,0.4,5.0,28.0,26.0,0.052,48.0,40.0,37.0,13.0,53.0,3.0,4.0,53.0,-0.47,78.5,6,2
2017-06-15,86,72,0.4,5.0,32.0,30.0,0.044,41.0,24.0,22.0,7.9,33.0,14.0,20.0,41.0,-0.2264150943396226,79.0,6,3
2017-06-16,91,70,0.3,3.0,24.0,23.0,0.055,51.0,22.0,20.0,4.9,20.0,7.0,10.0,51.0,0.24390243902439024,80.5,6,4
2017-06-17,92,72,0.3,3.0,15.0,14.0,0.056,54.0,29.0,27.0,10.3,43.0,5.0,7.0,54.0,0.05882352941176472,82.0,6,5
2017-06-18,90,72,0.2,2.0,5.0,5.0,0.039,36.0,19.0,18.0,3.0,13.0,0.0,0.0,36.0,-0.33333333333333337,81.0,6,6
2017-06-19,81,63,0.2,2.0,15.0,14.0,0.041,38.0,13.0,12.0,-0.1,0.0,1.0,1.0,38.0,0.05555555555555558,72.0,6,0
2017-06-20,80,60,0.2,2.0,14.0,13.0,0.043,40.0,12.0,11.0,0.3,1.0,0.0,0.0,40.0,0.05263157894736836,70.0,6,1
2017-06-21,76,60,0.3,3.0,27.0,25.0,0.041,38.0,14.0,13.0,5.0,21.0,2.0,3.0,38.0,-0.050000000000000044,68.0,6,2
2017-06-22,89,62,0.3,3.0,27.0,25.0,0.044,41.0,37.0,34.0,7.8,33.0,4.0,6.0,41.0,0.07894736842105265,75.5,6,3
2017-06-23,78,71,0.3,3.0,11.0,10.0,0.028,26.0,10.0,9.0,-2.9,0.0,0.0,0.0,26.0,-0.36585365853658536,74.5,6,4
2017-06-24,81,63,0.2,2.0,9.0,8.0,0.041,38.0,13.0,12.0,0.9,4.0,0.0,0.0,38.0,0.46153846153846145,72.0,6,5
2017-06-25,76,60,0.2,2.0,9.0,8.0,0.043,40.0,12.0,11.0,0.8,3.0,0.0,0.0,40.0,0.05263157894736836,68.0,6,6
2017-06-26,74,56,0.2,2.0,11.0,10.0,,,13.0,12.0,1.5,6.0,0.0,0.0,12.0,-0.7,65.0,6,0
2017-06-27,72,53,0.2,2.0,30.0,28.0,0.033,31.0,16.0,15.0,1.9,8.0,8.0,11.0,31.0,1.5833333333333335,62.5,6,1
2017-06-28,79,57,0.2,2.0,16.0,15.0,0.047,44.0,24.0,22.0,3.1,13.0,7.0,10.0,44.0,0.4193548387096775,68.0,6,2
2017-06-29,88,68,0.2,2.0,22.0,21.0,0.052,48.0,36.0,33.0,4.7,20.0,7.0,10.0,48.0,0.09090909090909083,78.0,6,3
2017-06-30,88,70,0.3,3.0,16.0,15.0,0.043,40.0,16.0,15.0,2.3,10.0,1.0,1.0,40.0,-0.16666666666666663,79.0,6,4
2017-07-01,85,69,0.2,2.0,24.0,23.0,0.044,41.0,13.0,12.0,3.4,14.0,2.0,3.0,41.0,0.02499999999999991,77.0,7,5
2017-07-02,85,67,0.3,3.0,12.0,11.0,0.053,49.0,18.0,17.0,4.3,18.0,0.0,0.0,49.0,0.19512195121951215,76.0,7,6
2017-07-03,82,69,,,15.0,14.0,0.043,40.0,16.0,15.0,4.3,18.0,4.0,6.0,40.0,-0.18367346938775508,75.5,7,0
2017-07-04,79,68,0.3,3.0,13.0,12.0,0.038,35.0,20.0,19.0,7.3,30.0,2.0,3.0,35.0,-0.125,73.5,7,1
2017-07-05,82,61,0.3,3.0,23.0,22.0,0.035,32.0,22.0,20.0,9.3,39.0,0.0,0.0,39.0,0.11428571428571432,71.5,7,2
2017-07-06,83,66,0.7,8.0,34.0,32.0,0.054,50.0,54.0,50.0,15.0,57.0,14.0,20.0,57.0,0.46153846153846145,74.5,7,3
2017-07-07,83,68,0.4,5.0,17.0,16.0,0.05,46.0,16.0,15.0,2.8,12.0,1.0,1.0,46.0,-0.19298245614035092,75.5,7,4
2017-07-08,77,63,0.3,3.0,13.0,12.0,0.033,31.0,14.0,13.0,4.4,18.0,9.0,13.0,31.0,-0.32608695652173914,70.0,7,5
2017-07-09,82,59,0.4,5.0,16.0,15.0,0.05,46.0,20.0,19.0,6.2,26.0,7.0,10.0,46.0,0.4838709677419355,70.5,7,6
2017-07-10,76,63,,,31.0,29.0,0.027,25.0,26.0,24.0,7.1,30.0,9.0,13.0,30.0,-0.34782608695652173,69.5,7,0
2017-07-11,87,70,0.3,3.0,,,0.043,40.0,19.0,18.0,4.8,20.0,0.0,0.0,40.0,0.33333333333333326,78.5,7,1
2017-07-12,88,72,0.3,3.0,11.0,10.0,0.045,42.0,21.0,19.0,3.8,16.0,0.0,0.0,42.0,0.050000000000000044,80.0,7,2
2017-07-13,84,73,0.2,2.0,16.0,15.0,0.03,28.0,18.0,17.0,6.3,26.0,0.0,0.0,28.0,-0.33333333333333337,78.5,7,3
2017-07-14,85,72,0.2,2.0,10.0,9.0,0.039,36.0,14.0,13.0,2.3,10.0,0.0,0.0,36.0,0.2857142857142858,78.5,7,4
2017-07-15,79,65,0.2,2.0,21.0,20.0,0.032,30.0,12.0,11.0,2.6,11.0,3.0,4.0,30.0,-0.16666666666666663,72.0,7,5
2017-07-16,85,62,0.3,3.0,15.0,14.0,0.043,40.0,18.0,17.0,6.8,28.0,7.0,10.0,40.0,0.33333333333333326,73.5,7,6
2017-07-17,78,66,0.2,2.0,24.0,23.0,0.034,31.0,15.0,14.0,5.7,24.0,0.0,0.0,31.0,-0.22499999999999998,72.0,7,0
2017-07-18,87,62,0.4,5.0,31.0,29.0,0.049,45.0,48.0,44.0,11.7,49.0,40.0,56.0,56.0,0.8064516129032258,74.5,7,1
2017-07-19,92,74,0.4,5.0,36.0,34.0,0.061,71.0,33.0,31.0,12.4,52.0,6.0,9.0,71.0,0.2678571428571428,83.0,7,2
2017-07-20,89,74,0.3,3.0,31.0,29.0,0.049,45.0,28.0,26.0,6.3,26.0,4.0,6.0,45.0,-0.3661971830985915,81.5,7,3
2017-07-21,91,73,0.3,3.0,40.0,38.0,0.049,45.0,26.0,24.0,7.2,30.0,5.0,7.0,45.0,0.0,82.0,7,4
2017-07-22,85,75,0.3,3.0,18.0,17.0,0.04,37.0,18.0,17.0,6.1,25.0,3.0,4.0,37.0,-0.1777777777777778,80.0,7,5
2017-07-23,85,71,0.2,2.0,8.0,8.0,0.047,44.0,11.0,10.0,1.6,7.0,0.0,0.0,44.0,0.18918918918918926,78.0,7,6
2017-07-24,76,68,0.2,2.0,13.0,12.0,0.028,26.0,9.0,8.0,0.3,1.0,2.0,3.0,26.0,-0.40909090909090906,72.0,7,0
2017-07-25,77,64,0.2,2.0,18.0,17.0,0.028,26.0,10.0,9.0,-2.7,0.0,1.0,1.0,26.0,0.0,70.5,7,1
2017-07-26,85,57,0.3,3.0,29.0,27.0,0.049,45.0,32.0,30.0,6.8,28.0,6.0,9.0,45.0,0.7307692307692308,71.0,7,2
2017-07-27,87,66,0.4,5.0,32.0,30.0,0.054,50.0,43.0,40.0,,,7.0,10.0,50.0,0.11111111111111116,76.5,7,3
2017-07-28,82,68,0.3,3.0,19.0,18.0,0.029,27.0,19.0,18.0,,,0.0,0.0,27.0,-0.45999999999999996,75.0,7,4
2017-07-29,80,62,0.3,3.0,11.0,10.0,0.031,29.0,12.0,11.0,-0.7,0.0,0.0,0.0,29.0,0.07407407407407418,71.0,7,5
2017-07-30,85,60,0.3,3.0,18.0,17.0,0.032,30.0,14.0,13.0,1.4,6.0,0.0,0.0,30.0,0.034482758620689724,72.5,7,6
2017-07-31,87,62,0.4,5.0,35.0,33.0,0.04,37.0,46.0,43.0,10.0,42.0,24.0,34.0,43.0,0.43333333333333335,74.5,7,0
2017-08-01,88,63,0.6,7.0,46.0,43.0,0.053,49.0,50.0,46.0,12.3,51.0,28.0,40.0,51.0,0.18604651162790709,75.5,8,1
2017-08-02,90,66,0.4,5.0,35.0,33.0,0.064,80.0,52.0,48.0,16.6,60.0,,,80.0,0.5686274509803921,78.0,8,2
2017-08-03,87,67,0.4,5.0,32.0,30.0,0.043,40.0,46.0,43.0,10.2,43.0,9.0,13.0,43.0,-0.4625,77.0,8,3
2017-08-04,82,63,0.4,5.0,22.0,21.0,0.031,29.0,20.0,19.0,6.5,27.0,1.0,1.0,29.0,-0.32558139534883723,72.5,8,4
2017-08-05,78,59,0.2,2.0,24.0,23.0,0.034,31.0,13.0,12.0,1.6,7.0,0.0,0.0,31.0,0.06896551724137923,68.5,8,5
2017-08-06,80,60,0.4,5.0,19.0,18.0,0.038,35.0,25.0,23.0,7.8,33.0,6.0,9.0,35.0,0.12903225806451624,70.0,8,6
2017-08-07,79,60,,,23.0,22.0,0.041,38.0,31.0,29.0,9.9,41.0,4.0,6.0,41.0,0.17142857142857149,69.5,8,0
2017-08-08,81,62,0.3,3.0,30.0,28.0,0.039,36.0,18.0,17.0,4.6,19.0,23.0,33.0,36.0,-0.12195121951219512,71.5,8,1
2017-08-09,84,59,,,31.0,29.0,0.048,44.0,43.0,40.0,,,13.0,19.0,44.0,0.22222222222222232,71.5,8,2
2017-08-10,84,60,0.4,5.0,33.0,31.0,0.046,43.0,52.0,48.0,13.1,53.0,7.0,10.0,53.0,0.20454545454545459,72.0,8,3
2017-08-11,84,69,0.4,5.0,21.0,20.0,0.039,36.0,34.0,31.0,10.1,42.0,4.0,6.0,42.0,-0.2075471698113207,76.5,8,4
2017-08-12,79,64,0.2,2.0,15.0,14.0,0.048,44.0,14.0,13.0,4.8,20.0,0.0,0.0,44.0,0.04761904761904767,71.5,8,5
2017-08-13,80,59,0.2,2.0,19.0,18.0,0.027,25.0,12.0,11.0,1.1,5.0,2.0,3.0,25.0,-0.43181818181818177,69.5,8,6
2017-08-14,85,63,0.5,6.0,39.0,37.0,0.044,41.0,40.0,37.0,8.5,35.0,10.0,14.0,41.0,0.6399999999999999,74.0,8,0
2017-08-15,90,67,0.4,5.0,37.0,35.0,0.056,54.0,44.0,41.0,,,8.0,11.0,54.0,0.3170731707317074,78.5,8,1
2017-08-16,86,62,0.4,5.0,34.0,32.0,0.039,36.0,37.0,34.0,9.2,38.0,1.0,1.0,38.0,-0.2962962962962963,74.0,8,2
2017-08-17,92,72,0.4,5.0,28.0,26.0,0.023,21.0,49.0,45.0,12.2,51.0,2.0,3.0,51.0,0.3421052631578947,82.0,8,3
2017-08-18,85,70,0.2,2.0,11.0,10.0,0.041,38.0,17.0,16.0,-0.2,0.0,0.0,0.0,38.0,-0.2549019607843137,77.5,8,4
2017-08-19,83,65,0.4,5.0,27.0,25.0,0.05,46.0,18.0,17.0,4.9,20.0,2.0,3.0,46.0,0.21052631578947367,74.0,8,5
2017-08-20,89,61,0.4,5.0,18.0,17.0,0.052,48.0,28.0,26.0,14.0,55.0,6.0,9.0,55.0,0.19565217391304346,75.0,8,6
2017-08-21,92,73,0.4,5.0,33.0,31.0,0.047,44.0,40.0,37.0,11.0,46.0,3.0,4.0,46.0,-0.1636363636363637,82.5,8,0
2017-08-22,86,69,0.3,3.0,,,0.035,32.0,25.0,23.0,7.6,32.0,2.0,3.0,32.0,-0.30434782608695654,77.5,8,1
2017-08-23,79,60,0.3,3.0,30.0,28.0,0.033,31.0,17.0,16.0,3.8,16.0,1.0,1.0,31.0,-0.03125,69.5,8,2
2017-08-24,72,59,0.4,5.0,25.0,24.0,0.032,30.0,16.0,15.0,4.2,18.0,4.0,6.0,30.0,-0.032258064516129004,65.5,8,3
2017-08-25,74,55,0.4,5.0,30.0,28.0,0.028,26.0,23.0,21.0,7.1,30.0,1.0,1.0,30.0,0.0,64.5,8,4
2017-08-26,74,52,0.5,6.0,25.0,24.0,0.039,36.0,36.0,33.0,12.5,52.0,30.0,43.0,52.0,0.7333333333333334,63.0,8,5
2017-08-27,79,53,0.5,6.0,22.0,21.0,0.042,39.0,31.0,29.0,10.7,45.0,10.0,14.0,45.0,-0.13461538461538458,66.0,8,6
2017-08-28,80,66,0.3,3.0,18.0,17.0,,,58.0,52.0,11.2,47.0,4.0,6.0,52.0,0.15555555555555545,73.0,8,0
2017-08-29,75,64,0.2,2.0,21.0,20.0,0.037,34.0,31.0,29.0,10.2,43.0,2.0,3.0,43.0,-0.17307692307692313,69.5,8,1
2017-08-30,81,63,0.5,6.0,27.0,25.0,0.051,47.0,34.0,31.0,11.6,48.0,5.0,7.0,48.0,0.11627906976744184,72.0,8,2
2017-08-31,72,62,0.3,3.0,16.0,15.0,0.027,25.0,16.0,15.0,8.3,35.0,1.0,1.0,35.0,-0.27083333333333337,67.0,8,3
2017-09-01,71,56,0.3,3.0,13.0,12.0,0.028,26.0,10.0,9.0,1.8,8.0,0.0,0.0,26.0,-0.2571428571428571,63.5,9,4
2017-09-02,66,59,0.2,2.0,10.0,9.0,0.026,24.0,13.0,12.0,1.5,6.0,0.0,0.0,24.0,-0.07692307692307687,62.5,9,5
2017-09-03,78,61,0.4,5.0,24.0,23.0,0.042,39.0,18.0,17.0,9.3,39.0,1.0,1.0,39.0,0.625,69.5,9,6
2017-09-04,88,62,0.4,5.0,7.0,7.0,0.047,44.0,27.0,25.0,9.3,39.0,1.0,1.0,44.0,0.1282051282051282,75.0,9,0
2017-09-05,78,57,,,15.0,14.0,0.037,34.0,13.0,12.0,6.0,25.0,0.0,0.0,34.0,-0.2272727272727273,67.5,9,1
2017-09-06,69,52,0.3,3.0,19.0,18.0,0.026,24.0,14.0,13.0,4.9,20.0,0.0,0.0,24.0,-0.2941176470588235,60.5,9,2
2017-09-07,70,50,0.3,3.0,11.0,10.0,0.02,19.0,8.0,7.0,2.9,12.0,0.0,0.0,19.0,-0.20833333333333337,60.0,9,3
2017-09-08,69,53,0.3,3.0,19.0,18.0,0.031,29.0,8.0,7.0,2.1,9.0,0.0,0.0,29.0,0.5263157894736843,61.0,9,4
2017-09-09,69,50,0.3,3.0,19.0,18.0,0.028,26.0,14.0,13.0,4.1,17.0,0.0,0.0,26.0,-0.10344827586206895,59.5,9,5
2017-09-10,72,45,0.4,5.0,23.0,22.0,0.027,25.0,17.0,16.0,5.9,25.0,3.0,4.0,25.0,-0.038461538461538436,58.5,9,6
2017-09-11,77,50,0.4,5.0,26.0,25.0,0.029,27.0,34.0,31.0,9.5,40.0,6.0,9.0,40.0,0.6000000000000001,63.5,9,0
2017-09-12,77,53,0.4,5.0,26.0,25.0,0.032,30.0,26.0,24.0,4.9,20.0,2.0,3.0,30.0,-0.25,65.0,9,1
2017-09-13,83,64,0.5,6.0,24.0,23.0,0.028,26.0,40.0,37.0,6.6,28.0,4.0,6.0,37.0,0.2333333333333334,73.5,9,2
2017-09-14,75,61,0.3,3.0,24.0,23.0,0.021,19.0,18.0,17.0,3.6,15.0,2.0,3.0,23.0,-0.3783783783783784,68.0,9,3
2017-09-15,81,56,0.5,6.0,37.0,35.0,0.032,30.0,45.0,42.0,10.8,45.0,2.0,3.0,45.0,0.9565217391304348,68.5,9,4
2017-09-16,81,60,0.6,7.0,25.0,24.0,0.041,38.0,36.0,33.0,20.8,69.0,13.0,19.0,69.0,0.5333333333333334,70.5,9,5
2017-09-17,85,63,0.5,6.0,26.0,25.0,0.045,42.0,32.0,30.0,16.7,61.0,7.0,10.0,61.0,-0.1159420289855072,74.0,9,6
2017-09-18,88,62,0.6,7.0,28.0,26.0,0.041,38.0,51.0,47.0,15.1,57.0,10.0,14.0,57.0,-0.06557377049180324,75.0,9,0
2017-09-19,83,66,0.6,7.0,36.0,34.0,0.027,25.0,67.0,57.0,18.3,64.0,6.0,9.0,64.0,0.12280701754385959,74.5,9,1
2017-09-20,88,68,0.8,9.0,35.0,33.0,0.041,38.0,44.0,41.0,13.0,53.0,6.0,9.0,53.0,-0.171875,78.0,9,2
2017-09-21,92,64,0.6,7.0,44.0,42.0,0.042,39.0,59.0,53.0,17.3,62.0,15.0,21.0,62.0,0.16981132075471694,78.0,9,3
2017-09-22,92,64,0.4,5.0,37.0,35.0,0.039,36.0,57.0,52.0,11.7,49.0,19.0,27.0,52.0,-0.16129032258064513,78.0,9,4
2017-09-23,91,62,0.7,8.0,41.0,39.0,0.05,46.0,53.0,49.0,13.0,53.0,18.0,26.0,53.0,0.019230769230769162,76.5,9,5
2017-09-24,93,64,0.8,9.0,40.0,38.0,0.054,50.0,46.0,43.0,19.5,67.0,12.0,17.0,67.0,0.26415094339622636,78.5,9,6
2017-09-25,94,69,0.4,5.0,46.0,43.0,0.053,49.0,52.0,48.0,17.8,63.0,6.0,9.0,63.0,-0.05970149253731338,81.5,9,0
2017-09-26,92,68,0.4,5.0,50.0,47.0,0.051,47.0,58.0,52.0,16.1,59.0,36.0,51.0,59.0,-0.06349206349206349,80.0,9,1
2017-09-27,86,65,0.4,5.0,46.0,43.0,0.046,43.0,48.0,44.0,16.1,59.0,108.0,115.0,115.0,0.9491525423728813,75.5,9,2
2017-09-28,69,51,0.2,2.0,22.0,21.0,0.034,31.0,10.0,9.0,0.9,4.0,1.0,1.0,31.0,-0.7304347826086957,60.0,9,3
2017-09-29,72,47,0.4,5.0,28.0,26.0,0.036,33.0,37.0,34.0,5.8,24.0,5.0,7.0,34.0,0.09677419354838701,59.5,9,4
2017-09-30,63,46,0.2,2.0,13.0,12.0,0.031,29.0,9.0,8.0,0.6,3.0,0.0,0.0,29.0,-0.1470588235294118,54.5,9,5
2017-10-01,72,39,0.4,5.0,35.0,33.0,0.035,32.0,19.0,18.0,6.5,27.0,33.0,47.0,47.0,0.6206896551724137,55.5,10,6
2017-10-02,80,47,,,39.0,37.0,0.037,34.0,64.0,55.0,10.6,44.0,58.0,79.0,79.0,0.6808510638297873,63.5,10,0
2017-10-03,85,51,0.4,5.0,36.0,34.0,0.041,38.0,60.0,53.0,11.0,46.0,40.0,56.0,56.0,-0.2911392405063291,68.0,10,1
2017-10-04,84,68,0.4,5.0,40.0,38.0,0.035,32.0,56.0,51.0,9.5,40.0,69.0,92.0,92.0,0.6428571428571428,76.0,10,2
2017-10-05,75,61,0.3,3.0,23.0,22.0,0.027,25.0,17.0,16.0,5.7,24.0,0.0,0.0,25.0,-0.7282608695652174,68.0,10,3
2017-10-06,70,65,0.3,3.0,26.0,25.0,0.021,19.0,24.0,22.0,14.7,56.0,1.0,1.0,56.0,1.2400000000000002,67.5,10,4
2017-10-07,84,66,0.3,3.0,16.0,15.0,0.039,36.0,25.0,23.0,11.1,46.0,5.0,7.0,46.0,-0.1785714285714286,75.0,10,5
2017-10-08,74,65,0.3,3.0,8.0,8.0,0.027,25.0,9.0,8.0,2.0,8.0,0.0,0.0,25.0,-0.4565217391304348,69.5,10,6
2017-10-09,71,63,0.4,5.0,26.0,25.0,0.021,19.0,16.0,15.0,8.1,34.0,0.0,0.0,34.0,0.3600000000000001,67.0,10,0
2017-10-10,78,57,0.7,8.0,,,0.032,30.0,44.0,41.0,22.4,73.0,1.0,1.0,73.0,1.1470588235294117,67.5,10,1
2017-10-11,67,60,0.4,5.0,22.0,21.0,0.012,11.0,13.0,12.0,7.5,31.0,0.0,0.0,31.0,-0.5753424657534247,63.5,10,2
2017-10-12,70,58,0.4,5.0,16.0,15.0,0.013,12.0,18.0,17.0,6.1,25.0,0.0,0.0,25.0,-0.19354838709677424,64.0,10,3
2017-10-13,75,57,0.5,6.0,34.0,32.0,0.028,26.0,28.0,26.0,8.5,35.0,3.0,4.0,35.0,0.3999999999999999,66.0,10,4
2017-10-14,80,54,0.5,6.0,24.0,23.0,0.044,41.0,38.0,35.0,20.0,68.0,7.0,10.0,68.0,0.9428571428571428,67.0,10,5
2017-10-15,79,53,0.3,3.0,3.0,3.0,0.031,29.0,15.0,14.0,3.9,16.0,0.0,0.0,29.0,-0.5735294117647058,66.0,10,6
2017-10-16,57,41,,,28.0,26.0,0.029,27.0,14.0,13.0,2.7,11.0,9.0,13.0,27.0,-0.06896551724137934,49.0,10,0
2017-10-17,67,40,0.4,5.0,29.0,27.0,0.036,33.0,28.0,26.0,6.9,29.0,5.0,7.0,33.0,0.22222222222222232,53.5,10,1
2017-10-18,70,47,0.7,8.0,36.0,34.0,0.037,34.0,49.0,45.0,10.0,42.0,10.0,14.0,45.0,0.36363636363636354,58.5,10,2
2017-10-19,74,49,0.3,3.0,35.0,33.0,0.045,42.0,38.0,35.0,8.7,36.0,3.0,4.0,42.0,-0.06666666666666665,61.5,10,3
2017-10-20,75,44,0.6,7.0,43.0,41.0,0.032,30.0,63.0,55.0,14.3,56.0,40.0,56.0,56.0,0.33333333333333326,59.5,10,4
2017-10-21,76,47,0.4,5.0,33.0,31.0,0.043,40.0,38.0,35.0,13.7,54.0,17.0,24.0,54.0,-0.0357142857142857,61.5,10,5
2017-10-22,79,52,0.4,5.0,19.0,18.0,0.043,40.0,31.0,29.0,13.3,54.0,19.0,27.0,54.0,0.0,65.5,10,6
2017-10-23,68,58,0.3,3.0,29.0,27.0,0.032,30.0,36.0,33.0,8.1,34.0,12.0,17.0,34.0,-0.37037037037037035,63.0,10,0
2017-10-24,58,46,0.2,2.0,,,0.03,28.0,11.0,10.0,2.4,10.0,1.0,1.0,28.0,-0.17647058823529416,52.0,10,1
2017-10-25,53,44,0.2,2.0,,,0.025,23.0,10.0,9.0,1.3,5.0,0.0,0.0,23.0,-0.1785714285714286,48.5,10,2
2017-10-26,56,39,0.4,5.0,32.0,30.0,0.03,28.0,16.0,15.0,5.4,23.0,13.0,19.0,30.0,0.30434782608695654,47.5,10,3
2017-10-27,69,44,0.4,5.0,25.0,24.0,0.038,35.0,28.0,26.0,6.2,26.0,11.0,16.0,35.0,0.16666666666666674,56.5,10,4
2017-10-28,44,37,0.2,2.0,9.0,8.0,0.019,18.0,5.0,5.0,1.7,7.0,0.0,0.0,18.0,-0.48571428571428577,40.5,10,5
2017-10-29,46,35,0.2,2.0,15.0,14.0,0.027,25.0,5.0,5.0,2.0,8.0,1.0,1.0,25.0,0.38888888888888884,40.5,10,6
2017-10-30,45,36,0.2,2.0,14.0,13.0,0.021,19.0,10.0,9.0,3.2,13.0,0.0,0.0,19.0,-0.24,40.5,10,0
2017-10-31,45,33,,,25.0,24.0,0.024,22.0,16.0,15.0,1.7,7.0,1.0,1.0,24.0,0.26315789473684204,39.0,10,1
2017-11-01,53,35,,,25.0,24.0,0.022,20.0,29.0,27.0,9.6,40.0,2.0,3.0,40.0,0.6666666666666667,44.0,11,2
2017-11-02,67,53,0.5,6.0,23.0,22.0,0.029,27.0,24.0,22.0,8.4,35.0,3.0,4.0,35.0,-0.125,60.0,11,3
2017-11-03,67,43,0.3,3.0,15.0,14.0,0.024,22.0,11.0,10.0,2.8,12.0,0.0,0.0,22.0,-0.37142857142857144,55.0,11,4
2017-11-04,62,39,0.3,3.0,19.0,18.0,0.017,16.0,15.0,14.0,3.9,16.0,1.0,1.0,18.0,-0.18181818181818177,50.5,11,5
2017-11-05,68,58,0.3,3.0,11.0,10.0,0.02,19.0,15.0,14.0,4.8,20.0,0.0,0.0,20.0,0.11111111111111116,63.0,11,6
2017-11-06,61,43,0.2,2.0,11.0,10.0,0.023,21.0,7.0,6.0,1.3,5.0,0.0,0.0,21.0,0.050000000000000044,52.0,11,0
2017-11-07,49,41,0.3,3.0,14.0,13.0,0.024,22.0,11.0,10.0,2.2,9.0,0.0,0.0,22.0,0.04761904761904767,45.0,11,1
2017-11-08,51,32,0.5,6.0,34.0,32.0,,,29.0,27.0,8.3,35.0,10.0,14.0,35.0,0.5909090909090908,41.5,11,2
2017-11-09,53,29,0.7,8.0,30.0,28.0,,,43.0,40.0,20.1,68.0,10.0,14.0,68.0,0.9428571428571428,41.0,11,3
2017-11-10,35,23,0.2,2.0,,,0.031,29.0,8.0,7.0,0.9,4.0,0.0,0.0,29.0,-0.5735294117647058,29.0,11,4
2017-11-11,38,20,0.4,5.0,30.0,28.0,0.029,27.0,15.0,14.0,6.3,26.0,26.0,37.0,37.0,0.27586206896551735,29.0,11,5
2017-11-12,47,27,0.5,6.0,35.0,33.0,0.018,17.0,27.0,25.0,,,8.0,11.0,33.0,-0.10810810810810811,37.0,11,6
2017-11-13,44,39,,,32.0,30.0,0.024,22.0,18.0,17.0,,,1.0,1.0,30.0,-0.09090909090909094,41.5,11,0
2017-11-14,50,33,0.4,5.0,32.0,30.0,0.017,16.0,22.0,20.0,16.6,60.0,2.0,3.0,60.0,1.0,41.5,11,1
2017-11-15,49,32,0.4,5.0,27.0,25.0,0.015,14.0,38.0,35.0,17.1,62.0,5.0,7.0,62.0,0.03333333333333344,40.5,11,2
2017-11-16,49,39,0.2,2.0,11.0,10.0,0.023,21.0,7.0,6.0,2.8,12.0,0.0,0.0,21.0,-0.6612903225806452,44.0,11,3
2017-11-17,47,38,0.3,3.0,12.0,11.0,0.021,19.0,18.0,17.0,3.8,16.0,3.0,4.0,19.0,-0.09523809523809523,42.5,11,4
2017-11-18,57,37,0.5,6.0,18.0,17.0,0.023,21.0,15.0,14.0,7.3,30.0,0.0,0.0,30.0,0.5789473684210527,47.0,11,5
2017-11-19,41,32,0.3,3.0,3.0,3.0,,,6.0,6.0,0.6,3.0,0.0,0.0,6.0,-0.8,36.5,11,6
2017-11-20,47,29,,,16.0,15.0,0.028,26.0,13.0,12.0,5.4,23.0,1.0,1.0,26.0,3.333333333333333,38.0,11,0
2017-11-21,56,37,0.4,5.0,16.0,15.0,0.031,29.0,19.0,18.0,4.6,19.0,1.0,1.0,29.0,0.11538461538461542,46.5,11,1
2017-11-22,39,30,0.2,2.0,22.0,21.0,0.026,24.0,9.0,8.0,1.7,7.0,0.0,0.0,24.0,-0.1724137931034483,34.5,11,2
2017-11-23,40,26,0.2,2.0,17.0,16.0,0.028,26.0,8.0,7.0,6.1,25.0,0.0,0.0,26.0,0.08333333333333326,33.0,11,3
2017-11-24,54,33,0.4,5.0,20.0,19.0,0.031,29.0,27.0,25.0,9.9,41.0,9.0,13.0,41.0,0.5769230769230769,43.5,11,4
2017-11-25,53,41,0.3,3.0,10.0,9.0,0.031,29.0,12.0,11.0,3.1,13.0,0.0,0.0,29.0,-0.29268292682926833,47.0,11,5
2017-11-26,43,32,0.2,2.0,11.0,10.0,0.035,32.0,6.0,6.0,1.3,5.0,0.0,0.0,32.0,0.10344827586206895,37.5,11,6
2017-11-28,66,47,,,,,0.038,35.0,,,,,,,35.0,0.09375,56.5,11,1
2017-11-29,59,34,0.2,2.0,19.0,18.0,0.024,22.0,15.0,14.0,3.0,13.0,1.0,1.0,22.0,-0.37142857142857144,46.5,11,2
2017-11-30,55,34,0.3,3.0,35.0,33.0,0.021,19.0,31.0,29.0,11.0,46.0,10.0,14.0,46.0,1.0909090909090908,44.5,11,3
2017-12-01,48,29,0.7,8.0,39.0,37.0,0.021,19.0,29.0,27.0,10.6,44.0,1.0,1.0,44.0,-0.04347826086956519,38.5,12,4
2017-12-02,50,27,0.8,9.0,36.0,34.0,0.013,12.0,38.0,35.0,23.6,75.0,7.0,10.0,75.0,0.7045454545454546,38.5,12,5
2017-12-03,55,30,0.7,8.0,39.0,37.0,0.015,14.0,37.0,34.0,34.3,98.0,7.0,10.0,98.0,0.30666666666666664,42.5,12,6
2017-12-04,59,32,,,34.0,32.0,0.034,31.0,68.0,57.0,18.4,64.0,17.0,24.0,64.0,-0.34693877551020413,45.5,12,0
2017-12-05,57,32,0.3,3.0,,,0.027,25.0,14.0,13.0,5.3,22.0,1.0,1.0,25.0,-0.609375,44.5,12,1
2017-12-06,42,28,0.2,2.0,11.0,10.0,0.024,22.0,10.0,9.0,1.3,5.0,0.0,0.0,22.0,-0.12,35.0,12,2
2017-12-07,35,25,0.2,2.0,21.0,20.0,0.022,20.0,16.0,15.0,4.7,20.0,0.0,0.0,20.0,-0.09090909090909094,30.0,12,3
2017-12-08,33,20,0.3,3.0,16.0,15.0,0.026,24.0,13.0,12.0,3.5,15.0,0.0,0.0,24.0,0.19999999999999996,26.5,12,4
2017-12-09,34,20,0.4,5.0,23.0,22.0,0.023,21.0,19.0,18.0,9.1,38.0,5.0,7.0,38.0,0.5833333333333333,27.0,12,5
2017-12-10,31,25,0.3,3.0,13.0,12.0,0.024,22.0,13.0,12.0,,,0.0,0.0,22.0,-0.42105263157894735,28.0,12,6
2017-12-11,35,29,0.3,3.0,22.0,21.0,0.02,19.0,18.0,17.0,,,1.0,1.0,21.0,-0.045454545454545414,32.0,12,0
2017-12-12,35,18,0.4,5.0,15.0,14.0,0.035,32.0,15.0,14.0,3.5,15.0,0.0,0.0,32.0,0.5238095238095237,26.5,12,1
2017-12-13,25,17,0.3,3.0,17.0,16.0,0.024,22.0,13.0,12.0,3.5,15.0,0.0,0.0,22.0,-0.3125,21.0,12,2
2017-12-14,28,10,0.3,3.0,27.0,25.0,0.03,28.0,11.0,10.0,4.7,20.0,0.0,0.0,28.0,0.2727272727272727,19.0,12,3
2017-12-15,28,6,0.6,7.0,20.0,19.0,0.022,20.0,22.0,20.0,13.3,54.0,3.0,4.0,54.0,0.9285714285714286,17.0,12,4
2017-12-16,41,27,0.5,6.0,29.0,27.0,0.021,19.0,16.0,15.0,8.8,37.0,1.0,1.0,37.0,-0.31481481481481477,34.0,12,5
2017-12-17,39,23,0.7,8.0,31.0,29.0,0.014,13.0,24.0,22.0,25.1,78.0,2.0,3.0,78.0,1.108108108108108,31.0,12,6
2017-12-18,45,38,0.3,3.0,16.0,15.0,0.02,19.0,12.0,11.0,10.9,45.0,0.0,0.0,45.0,-0.42307692307692313,41.5,12,0
2017-12-19,52,37,0.2,2.0,12.0,11.0,0.024,22.0,17.0,16.0,10.8,45.0,0.0,0.0,45.0,0.0,44.5,12,1
2017-12-20,40,26,0.3,3.0,36.0,34.0,0.029,27.0,23.0,21.0,2.8,12.0,0.0,0.0,34.0,-0.24444444444444446,33.0,12,2
2017-12-21,39,30,0.3,3.0,27.0,25.0,0.016,15.0,19.0,18.0,3.3,14.0,0.0,0.0,25.0,-0.2647058823529411,34.5,12,3
2017-12-22,43,37,0.5,6.0,27.0,25.0,0.009,8.0,20.0,19.0,14.4,56.0,1.0,1.0,56.0,1.2400000000000002,40.0,12,4
2017-12-23,39,29,0.5,6.0,18.0,17.0,0.022,20.0,6.0,6.0,7.6,32.0,0.0,0.0,32.0,-0.4285714285714286,34.0,12,5
2017-12-24,33,27,0.3,3.0,28.0,26.0,0.025,23.0,9.0,8.0,12.4,52.0,0.0,0.0,52.0,0.625,30.0,12,6
2017-12-25,28,13,0.3,3.0,8.0,8.0,0.032,30.0,11.0,10.0,4.7,20.0,0.0,0.0,30.0,-0.42307692307692313,20.5,12,0
2017-12-26,15,9,0.2,2.0,13.0,12.0,0.03,28.0,14.0,13.0,6.6,28.0,0.0,0.0,28.0,-0.06666666666666665,12.0,12,1
2017-12-27,13,4,0.3,3.0,29.0,27.0,0.025,23.0,10.0,9.0,12.1,51.0,1.0,1.0,51.0,0.8214285714285714,8.5,12,2
2017-12-28,18,7,0.3,3.0,31.0,29.0,0.019,18.0,15.0,14.0,11.9,50.0,2.0,3.0,50.0,-0.019607843137254943,12.5,12,3
2017-12-29,19,14,0.3,3.0,19.0,18.0,0.022,20.0,14.0,13.0,15.8,59.0,1.0,1.0,59.0,0.17999999999999994,16.5,12,4
2017-12-30,18,14,0.2,2.0,16.0,15.0,0.032,30.0,8.0,7.0,10.3,43.0,0.0,0.0,43.0,-0.27118644067796616,16.0,12,5
2017-12-31,19,3,0.3,3.0,27.0,25.0,,,12.0,11.0,4.4,18.0,1.0,1.0,25.0,-0.41860465116279066,11.0,12,6
